image,group,split
1010s1120s2001-2s5300-1-1036.jpg,1010s1120s2001-2s5300-1,train
1010s1120s2001-2s5300-1-1066.jpg,1010s1120s2001-2s5300-1,train
1010s1120s2001-2s5300-1-1081.jpg,1010s1120s2001-2s5300-1,train
1010s1120s2001-2s5300-1-1096.jpg,1010s1120s2001-2s5300-1,train
1010s1120s2001-2s5300-1-1111.jpg,1010s1120s2001-2s5300-1,train
1010s1120s2001-2s5300-1-1126.jpg,1010s1120s2001-2s5300-1,train
1010s1120s2001-2s5300-1-1141.jpg,1010s1120s2001-2s5300-1,train
1010s1120s2001-2s5300-1-1171.jpg,1010s1120s2001-2s5300-1,train
1010s1120s2001-2s5300-1-1186.jpg,1010s1120s2001-2s5300-1,train
1010s1120s2001-2s5300-1-121.jpg,1010s1120s2001-2s5300-1,train
1010s1120s2001-2s5300-1-136.jpg,1010s1120s2001-2s5300-1,train
1010s1120s2001-2s5300-1-151.jpg,1010s1120s2001-2s5300-1,train
1010s1120s2001-2s5300-1-16.jpg,1010s1120s2001-2s5300-1,train
1010s1120s2001-2s5300-1-166.jpg,1010s1120s2001-2s5300-1,train
1010s1120s2001-2s5300-1-181.jpg,1010s1120s2001-2s5300-1,train
1010s1120s2001-2s5300-1-196.jpg,1010s1120s2001-2s5300-1,train
1010s1120s2001-2s5300-1-211.jpg,1010s1120s2001-2s5300-1,train
1010s1120s2001-2s5300-1-226.jpg,1010s1120s2001-2s5300-1,train
1010s1120s2001-2s5300-1-241.jpg,1010s1120s2001-2s5300-1,train
1010s1120s2001-2s5300-1-256.jpg,1010s1120s2001-2s5300-1,train
1010s1120s2001-2s5300-1-271.jpg,1010s1120s2001-2s5300-1,train
1010s1120s2001-2s5300-1-286.jpg,1010s1120s2001-2s5300-1,train
1010s1120s2001-2s5300-1-301.jpg,1010s1120s2001-2s5300-1,train
1010s1120s2001-2s5300-1-316.jpg,1010s1120s2001-2s5300-1,train
1010s1120s2001-2s5300-1-331.jpg,1010s1120s2001-2s5300-1,train
1010s1120s2001-2s5300-1-346.jpg,1010s1120s2001-2s5300-1,train
1010s1120s2001-2s5300-1-361.jpg,1010s1120s2001-2s5300-1,train
1010s1120s2001-2s5300-1-391.jpg,1010s1120s2001-2s5300-1,train
1010s1120s2001-2s5300-1-406.jpg,1010s1120s2001-2s5300-1,train
1010s1120s2001-2s5300-1-421.jpg,1010s1120s2001-2s5300-1,train
1010s1120s2001-2s5300-1-436.jpg,1010s1120s2001-2s5300-1,train
1010s1120s2001-2s5300-1-451.jpg,1010s1120s2001-2s5300-1,train
1010s1120s2001-2s5300-1-46.jpg,1010s1120s2001-2s5300-1,train
1010s1120s2001-2s5300-1-466.jpg,1010s1120s2001-2s5300-1,train
1010s1120s2001-2s5300-1-481.jpg,1010s1120s2001-2s5300-1,train
1010s1120s2001-2s5300-1-496.jpg,1010s1120s2001-2s5300-1,train
1010s1120s2001-2s5300-1-511.jpg,1010s1120s2001-2s5300-1,train
1010s1120s2001-2s5300-1-526.jpg,1010s1120s2001-2s5300-1,train
1010s1120s2001-2s5300-1-541.jpg,1010s1120s2001-2s5300-1,train
1010s1120s2001-2s5300-1-556.jpg,1010s1120s2001-2s5300-1,train
1010s1120s2001-2s5300-1-571.jpg,1010s1120s2001-2s5300-1,train
1010s1120s2001-2s5300-1-586.jpg,1010s1120s2001-2s5300-1,train
1010s1120s2001-2s5300-1-601.jpg,1010s1120s2001-2s5300-1,train
1010s1120s2001-2s5300-1-61.jpg,1010s1120s2001-2s5300-1,train
1010s1120s2001-2s5300-1-616.jpg,1010s1120s2001-2s5300-1,train
1010s1120s2001-2s5300-1-646.jpg,1010s1120s2001-2s5300-1,train
1010s1120s2001-2s5300-1-676.jpg,1010s1120s2001-2s5300-1,train
1010s1120s2001-2s5300-1-736.jpg,1010s1120s2001-2s5300-1,train
1010s1120s2001-2s5300-1-751.jpg,1010s1120s2001-2s5300-1,train
1010s1120s2001-2s5300-1-76.jpg,1010s1120s2001-2s5300-1,train
1010s1120s2001-2s5300-1-781.jpg,1010s1120s2001-2s5300-1,train
1010s1120s2001-2s5300-1-796.jpg,1010s1120s2001-2s5300-1,train
1010s1120s2001-2s5300-1-826.jpg,1010s1120s2001-2s5300-1,train
1010s1120s2001-2s5300-1-841.jpg,1010s1120s2001-2s5300-1,train
1010s1120s2001-2s5300-1-856.jpg,1010s1120s2001-2s5300-1,train
1010s1120s2001-2s5300-1-886.jpg,1010s1120s2001-2s5300-1,train
1010s1120s2001-2s5300-1-901.jpg,1010s1120s2001-2s5300-1,train
1010s1120s2001-2s5300-1-91.jpg,1010s1120s2001-2s5300-1,train
1010s1120s2001-2s5300-1-916.jpg,1010s1120s2001-2s5300-1,train
1010s1120s2001-2s5300-1-931.jpg,1010s1120s2001-2s5300-1,train
1010s1120s2001-2s5300-1-946.jpg,1010s1120s2001-2s5300-1,train
1010s1120s2001-2s5300-1-961.jpg,1010s1120s2001-2s5300-1,train
1010s1120s2001-2s5300-1-976.jpg,1010s1120s2001-2s5300-1,train
1010s1120s2001-2s5300-1-991.jpg,1010s1120s2001-2s5300-1,train
1010s1121s2001-2s5101-1-1.jpg,1010s1121s2001-2s5101-1,train
1010s1121s2001-2s5101-1-106.jpg,1010s1121s2001-2s5101-1,train
1010s1121s2001-2s5101-1-121.jpg,1010s1121s2001-2s5101-1,train
1010s1121s2001-2s5101-1-136.jpg,1010s1121s2001-2s5101-1,train
1010s1121s2001-2s5101-1-151.jpg,1010s1121s2001-2s5101-1,train
1010s1121s2001-2s5101-1-16.jpg,1010s1121s2001-2s5101-1,train
1010s1121s2001-2s5101-1-166.jpg,1010s1121s2001-2s5101-1,train
1010s1121s2001-2s5101-1-181.jpg,1010s1121s2001-2s5101-1,train
1010s1121s2001-2s5101-1-196.jpg,1010s1121s2001-2s5101-1,train
1010s1121s2001-2s5101-1-241.jpg,1010s1121s2001-2s5101-1,train
1010s1121s2001-2s5101-1-271.jpg,1010s1121s2001-2s5101-1,train
1010s1121s2001-2s5101-1-286.jpg,1010s1121s2001-2s5101-1,train
1010s1121s2001-2s5101-1-31.jpg,1010s1121s2001-2s5101-1,train
1010s1121s2001-2s5101-1-316.jpg,1010s1121s2001-2s5101-1,train
1010s1121s2001-2s5101-1-331.jpg,1010s1121s2001-2s5101-1,train
1010s1121s2001-2s5101-1-346.jpg,1010s1121s2001-2s5101-1,train
1010s1121s2001-2s5101-1-361.jpg,1010s1121s2001-2s5101-1,train
1010s1121s2001-2s5101-1-376.jpg,1010s1121s2001-2s5101-1,train
1010s1121s2001-2s5101-1-391.jpg,1010s1121s2001-2s5101-1,train
1010s1121s2001-2s5101-1-436.jpg,1010s1121s2001-2s5101-1,train
1010s1121s2001-2s5101-1-451.jpg,1010s1121s2001-2s5101-1,train
1010s1121s2001-2s5101-1-46.jpg,1010s1121s2001-2s5101-1,train
1010s1121s2001-2s5101-1-466.jpg,1010s1121s2001-2s5101-1,train
1010s1121s2001-2s5101-1-481.jpg,1010s1121s2001-2s5101-1,train
1010s1121s2001-2s5101-1-511.jpg,1010s1121s2001-2s5101-1,train
1010s1121s2001-2s5101-1-526.jpg,1010s1121s2001-2s5101-1,train
1010s1121s2001-2s5101-1-541.jpg,1010s1121s2001-2s5101-1,train
1010s1121s2001-2s5101-1-556.jpg,1010s1121s2001-2s5101-1,train
1010s1121s2001-2s5101-1-571.jpg,1010s1121s2001-2s5101-1,train
1010s1121s2001-2s5101-1-586.jpg,1010s1121s2001-2s5101-1,train
1010s1121s2001-2s5101-1-601.jpg,1010s1121s2001-2s5101-1,train
1010s1121s2001-2s5101-1-61.jpg,1010s1121s2001-2s5101-1,train
1010s1121s2001-2s5101-1-616.jpg,1010s1121s2001-2s5101-1,train
1010s1121s2001-2s5101-1-631.jpg,1010s1121s2001-2s5101-1,train
1010s1121s2001-2s5101-1-646.jpg,1010s1121s2001-2s5101-1,train
1010s1121s2001-2s5101-1-661.jpg,1010s1121s2001-2s5101-1,train
1010s1121s2001-2s5101-1-676.jpg,1010s1121s2001-2s5101-1,train
1010s1121s2001-2s5101-1-691.jpg,1010s1121s2001-2s5101-1,train
1010s1121s2001-2s5101-1-706.jpg,1010s1121s2001-2s5101-1,train
1010s1121s2001-2s5101-1-721.jpg,1010s1121s2001-2s5101-1,train
1010s1121s2001-2s5101-1-751.jpg,1010s1121s2001-2s5101-1,train
1010s1121s2001-2s5101-1-76.jpg,1010s1121s2001-2s5101-1,train
1010s1121s2001-2s5101-1-766.jpg,1010s1121s2001-2s5101-1,train
1010s1121s2001-2s5101-1-781.jpg,1010s1121s2001-2s5101-1,train
1010s1121s2001-2s5101-1-796.jpg,1010s1121s2001-2s5101-1,train
1010s1121s2001-2s5101-1-811.jpg,1010s1121s2001-2s5101-1,train
1010s1121s2001-2s5101-1-826.jpg,1010s1121s2001-2s5101-1,train
1010s1121s2001-2s5101-1-841.jpg,1010s1121s2001-2s5101-1,train
1010s1121s2001-2s5101-1-856.jpg,1010s1121s2001-2s5101-1,train
1010s1121s2001-2s5101-1-886.jpg,1010s1121s2001-2s5101-1,train
1010s1121s2001-2s5101-1-91.jpg,1010s1121s2001-2s5101-1,train
1010s1121s2001-2s5101-2-1.jpg,1010s1121s2001-2s5101-2,train
1010s1121s2001-2s5101-2-106.jpg,1010s1121s2001-2s5101-2,train
1010s1121s2001-2s5101-2-136.jpg,1010s1121s2001-2s5101-2,train
1010s1121s2001-2s5101-2-151.jpg,1010s1121s2001-2s5101-2,train
1010s1121s2001-2s5101-2-16.jpg,1010s1121s2001-2s5101-2,train
1010s1121s2001-2s5101-2-166.jpg,1010s1121s2001-2s5101-2,train
1010s1121s2001-2s5101-2-181.jpg,1010s1121s2001-2s5101-2,train
1010s1121s2001-2s5101-2-196.jpg,1010s1121s2001-2s5101-2,train
1010s1121s2001-2s5101-2-211.jpg,1010s1121s2001-2s5101-2,train
1010s1121s2001-2s5101-2-226.jpg,1010s1121s2001-2s5101-2,train
1010s1121s2001-2s5101-2-286.jpg,1010s1121s2001-2s5101-2,train
1010s1121s2001-2s5101-2-31.jpg,1010s1121s2001-2s5101-2,train
1010s1121s2001-2s5101-2-316.jpg,1010s1121s2001-2s5101-2,train
1010s1121s2001-2s5101-2-331.jpg,1010s1121s2001-2s5101-2,train
1010s1121s2001-2s5101-2-346.jpg,1010s1121s2001-2s5101-2,train
1010s1121s2001-2s5101-2-361.jpg,1010s1121s2001-2s5101-2,train
1010s1121s2001-2s5101-2-391.jpg,1010s1121s2001-2s5101-2,train
1010s1121s2001-2s5101-2-421.jpg,1010s1121s2001-2s5101-2,train
1010s1121s2001-2s5101-2-436.jpg,1010s1121s2001-2s5101-2,train
1010s1121s2001-2s5101-2-451.jpg,1010s1121s2001-2s5101-2,train
1010s1121s2001-2s5101-2-466.jpg,1010s1121s2001-2s5101-2,train
1010s1121s2001-2s5101-2-481.jpg,1010s1121s2001-2s5101-2,train
1010s1121s2001-2s5101-2-496.jpg,1010s1121s2001-2s5101-2,train
1010s1121s2001-2s5101-2-511.jpg,1010s1121s2001-2s5101-2,train
1010s1121s2001-2s5101-2-526.jpg,1010s1121s2001-2s5101-2,train
1010s1121s2001-2s5101-2-541.jpg,1010s1121s2001-2s5101-2,train
1010s1121s2001-2s5101-2-556.jpg,1010s1121s2001-2s5101-2,train
1010s1121s2001-2s5101-2-586.jpg,1010s1121s2001-2s5101-2,train
1010s1121s2001-2s5101-2-601.jpg,1010s1121s2001-2s5101-2,train
1010s1121s2001-2s5101-2-61.jpg,1010s1121s2001-2s5101-2,train
1010s1121s2001-2s5101-2-616.jpg,1010s1121s2001-2s5101-2,train
1010s1121s2001-2s5101-2-646.jpg,1010s1121s2001-2s5101-2,train
1010s1121s2001-2s5101-2-661.jpg,1010s1121s2001-2s5101-2,train
1010s1121s2001-2s5101-2-676.jpg,1010s1121s2001-2s5101-2,train
1010s1121s2001-2s5101-2-691.jpg,1010s1121s2001-2s5101-2,train
1010s1121s2001-2s5101-2-706.jpg,1010s1121s2001-2s5101-2,train
1010s1121s2001-2s5101-2-721.jpg,1010s1121s2001-2s5101-2,train
1010s1121s2001-2s5101-2-736.jpg,1010s1121s2001-2s5101-2,train
1010s1121s2001-2s5101-2-751.jpg,1010s1121s2001-2s5101-2,train
1010s1121s2001-2s5101-2-76.jpg,1010s1121s2001-2s5101-2,train
1010s1121s2001-2s5101-2-766.jpg,1010s1121s2001-2s5101-2,train
1010s1121s2001-2s5101-2-781.jpg,1010s1121s2001-2s5101-2,train
1010s1121s2001-2s5101-2-796.jpg,1010s1121s2001-2s5101-2,train
1010s1121s2001-2s5101-2-811.jpg,1010s1121s2001-2s5101-2,train
1010s1121s2001-2s5101-2-826.jpg,1010s1121s2001-2s5101-2,train
1010s1121s2001-2s5101-2-841.jpg,1010s1121s2001-2s5101-2,train
1010s1121s2001-2s5101-2-871.jpg,1010s1121s2001-2s5101-2,train
1010s1121s2001-2s5101-2-886.jpg,1010s1121s2001-2s5101-2,train
1010s1121s2001-2s5101-2-91.jpg,1010s1121s2001-2s5101-2,train
1010s1121s2001-2s5301-1-1.jpg,1010s1121s2001-2s5301-1,train
1010s1121s2001-2s5301-1-106.jpg,1010s1121s2001-2s5301-1,train
1010s1121s2001-2s5301-1-121.jpg,1010s1121s2001-2s5301-1,train
1010s1121s2001-2s5301-1-136.jpg,1010s1121s2001-2s5301-1,train
1010s1121s2001-2s5301-1-151.jpg,1010s1121s2001-2s5301-1,train
1010s1121s2001-2s5301-1-16.jpg,1010s1121s2001-2s5301-1,train
1010s1121s2001-2s5301-1-166.jpg,1010s1121s2001-2s5301-1,train
1010s1121s2001-2s5301-1-181.jpg,1010s1121s2001-2s5301-1,train
1010s1121s2001-2s5301-1-226.jpg,1010s1121s2001-2s5301-1,train
1010s1121s2001-2s5301-1-241.jpg,1010s1121s2001-2s5301-1,train
1010s1121s2001-2s5301-1-271.jpg,1010s1121s2001-2s5301-1,train
1010s1121s2001-2s5301-1-286.jpg,1010s1121s2001-2s5301-1,train
1010s1121s2001-2s5301-1-301.jpg,1010s1121s2001-2s5301-1,train
1010s1121s2001-2s5301-1-316.jpg,1010s1121s2001-2s5301-1,train
1010s1121s2001-2s5301-1-361.jpg,1010s1121s2001-2s5301-1,train
1010s1121s2001-2s5301-1-376.jpg,1010s1121s2001-2s5301-1,train
1010s1121s2001-2s5301-1-391.jpg,1010s1121s2001-2s5301-1,train
1010s1121s2001-2s5301-1-406.jpg,1010s1121s2001-2s5301-1,train
1010s1121s2001-2s5301-1-421.jpg,1010s1121s2001-2s5301-1,train
1010s1121s2001-2s5301-1-436.jpg,1010s1121s2001-2s5301-1,train
1010s1121s2001-2s5301-1-451.jpg,1010s1121s2001-2s5301-1,train
1010s1121s2001-2s5301-1-46.jpg,1010s1121s2001-2s5301-1,train
1010s1121s2001-2s5301-1-466.jpg,1010s1121s2001-2s5301-1,train
1010s1121s2001-2s5301-1-481.jpg,1010s1121s2001-2s5301-1,train
1010s1121s2001-2s5301-1-496.jpg,1010s1121s2001-2s5301-1,train
1010s1121s2001-2s5301-1-511.jpg,1010s1121s2001-2s5301-1,train
1010s1121s2001-2s5301-1-526.jpg,1010s1121s2001-2s5301-1,train
1010s1121s2001-2s5301-1-556.jpg,1010s1121s2001-2s5301-1,train
1010s1121s2001-2s5301-1-571.jpg,1010s1121s2001-2s5301-1,train
1010s1121s2001-2s5301-1-586.jpg,1010s1121s2001-2s5301-1,train
1010s1121s2001-2s5301-1-601.jpg,1010s1121s2001-2s5301-1,train
1010s1121s2001-2s5301-1-61.jpg,1010s1121s2001-2s5301-1,train
1010s1121s2001-2s5301-1-646.jpg,1010s1121s2001-2s5301-1,train
1010s1121s2001-2s5301-1-661.jpg,1010s1121s2001-2s5301-1,train
1010s1121s2001-2s5301-1-691.jpg,1010s1121s2001-2s5301-1,train
1010s1121s2001-2s5301-1-706.jpg,1010s1121s2001-2s5301-1,train
1010s1121s2001-2s5301-1-721.jpg,1010s1121s2001-2s5301-1,train
1010s1121s2001-2s5301-1-751.jpg,1010s1121s2001-2s5301-1,train
1010s1121s2001-2s5301-1-76.jpg,1010s1121s2001-2s5301-1,train
1010s1121s2001-2s5301-1-811.jpg,1010s1121s2001-2s5301-1,train
1010s1121s2001-2s5301-1-826.jpg,1010s1121s2001-2s5301-1,train
1010s1121s2001-2s5301-1-841.jpg,1010s1121s2001-2s5301-1,train
1010s1121s2001-2s5301-1-856.jpg,1010s1121s2001-2s5301-1,train
1010s1121s2001-2s5301-1-871.jpg,1010s1121s2001-2s5301-1,train
1010s1121s2001-2s5301-1-91.jpg,1010s1121s2001-2s5301-1,train
1010s1121s2001-2s5302-1-1.jpg,1010s1121s2001-2s5302-1,train
1010s1121s2001-2s5302-1-1006.jpg,1010s1121s2001-2s5302-1,train
1010s1121s2001-2s5302-1-1021.jpg,1010s1121s2001-2s5302-1,train
1010s1121s2001-2s5302-1-1036.jpg,1010s1121s2001-2s5302-1,train
1010s1121s2001-2s5302-1-106.jpg,1010s1121s2001-2s5302-1,train
1010s1121s2001-2s5302-1-1066.jpg,1010s1121s2001-2s5302-1,train
1010s1121s2001-2s5302-1-1081.jpg,1010s1121s2001-2s5302-1,train
1010s1121s2001-2s5302-1-1096.jpg,1010s1121s2001-2s5302-1,train
1010s1121s2001-2s5302-1-1126.jpg,1010s1121s2001-2s5302-1,train
1010s1121s2001-2s5302-1-1141.jpg,1010s1121s2001-2s5302-1,train
1010s1121s2001-2s5302-1-1186.jpg,1010s1121s2001-2s5302-1,train
1010s1121s2001-2s5302-1-121.jpg,1010s1121s2001-2s5302-1,train
1010s1121s2001-2s5302-1-1216.jpg,1010s1121s2001-2s5302-1,train
1010s1121s2001-2s5302-1-1231.jpg,1010s1121s2001-2s5302-1,train
1010s1121s2001-2s5302-1-1246.jpg,1010s1121s2001-2s5302-1,train
1010s1121s2001-2s5302-1-1276.jpg,1010s1121s2001-2s5302-1,train
1010s1121s2001-2s5302-1-1291.jpg,1010s1121s2001-2s5302-1,train
1010s1121s2001-2s5302-1-1321.jpg,1010s1121s2001-2s5302-1,train
1010s1121s2001-2s5302-1-1336.jpg,1010s1121s2001-2s5302-1,train
1010s1121s2001-2s5302-1-1351.jpg,1010s1121s2001-2s5302-1,train
1010s1121s2001-2s5302-1-136.jpg,1010s1121s2001-2s5302-1,train
1010s1121s2001-2s5302-1-1381.jpg,1010s1121s2001-2s5302-1,train
1010s1121s2001-2s5302-1-1396.jpg,1010s1121s2001-2s5302-1,train
1010s1121s2001-2s5302-1-1411.jpg,1010s1121s2001-2s5302-1,train
1010s1121s2001-2s5302-1-1441.jpg,1010s1121s2001-2s5302-1,train
1010s1121s2001-2s5302-1-1456.jpg,1010s1121s2001-2s5302-1,train
1010s1121s2001-2s5302-1-1471.jpg,1010s1121s2001-2s5302-1,train
1010s1121s2001-2s5302-1-16.jpg,1010s1121s2001-2s5302-1,train
1010s1121s2001-2s5302-1-166.jpg,1010s1121s2001-2s5302-1,train
1010s1121s2001-2s5302-1-181.jpg,1010s1121s2001-2s5302-1,train
1010s1121s2001-2s5302-1-196.jpg,1010s1121s2001-2s5302-1,train
1010s1121s2001-2s5302-1-211.jpg,1010s1121s2001-2s5302-1,train
1010s1121s2001-2s5302-1-226.jpg,1010s1121s2001-2s5302-1,train
1010s1121s2001-2s5302-1-256.jpg,1010s1121s2001-2s5302-1,train
1010s1121s2001-2s5302-1-271.jpg,1010s1121s2001-2s5302-1,train
1010s1121s2001-2s5302-1-286.jpg,1010s1121s2001-2s5302-1,train
1010s1121s2001-2s5302-1-31.jpg,1010s1121s2001-2s5302-1,train
1010s1121s2001-2s5302-1-316.jpg,1010s1121s2001-2s5302-1,train
1010s1121s2001-2s5302-1-331.jpg,1010s1121s2001-2s5302-1,train
1010s1121s2001-2s5302-1-346.jpg,1010s1121s2001-2s5302-1,train
1010s1121s2001-2s5302-1-361.jpg,1010s1121s2001-2s5302-1,train
1010s1121s2001-2s5302-1-376.jpg,1010s1121s2001-2s5302-1,train
1010s1121s2001-2s5302-1-391.jpg,1010s1121s2001-2s5302-1,train
1010s1121s2001-2s5302-1-421.jpg,1010s1121s2001-2s5302-1,train
1010s1121s2001-2s5302-1-451.jpg,1010s1121s2001-2s5302-1,train
1010s1121s2001-2s5302-1-46.jpg,1010s1121s2001-2s5302-1,train
1010s1121s2001-2s5302-1-466.jpg,1010s1121s2001-2s5302-1,train
1010s1121s2001-2s5302-1-481.jpg,1010s1121s2001-2s5302-1,train
1010s1121s2001-2s5302-1-496.jpg,1010s1121s2001-2s5302-1,train
1010s1121s2001-2s5302-1-511.jpg,1010s1121s2001-2s5302-1,train
1010s1121s2001-2s5302-1-526.jpg,1010s1121s2001-2s5302-1,train
1010s1121s2001-2s5302-1-556.jpg,1010s1121s2001-2s5302-1,train
1010s1121s2001-2s5302-1-571.jpg,1010s1121s2001-2s5302-1,train
1010s1121s2001-2s5302-1-586.jpg,1010s1121s2001-2s5302-1,train
1010s1121s2001-2s5302-1-601.jpg,1010s1121s2001-2s5302-1,train
1010s1121s2001-2s5302-1-61.jpg,1010s1121s2001-2s5302-1,train
1010s1121s2001-2s5302-1-631.jpg,1010s1121s2001-2s5302-1,train
1010s1121s2001-2s5302-1-646.jpg,1010s1121s2001-2s5302-1,train
1010s1121s2001-2s5302-1-661.jpg,1010s1121s2001-2s5302-1,train
1010s1121s2001-2s5302-1-676.jpg,1010s1121s2001-2s5302-1,train
1010s1121s2001-2s5302-1-691.jpg,1010s1121s2001-2s5302-1,train
1010s1121s2001-2s5302-1-706.jpg,1010s1121s2001-2s5302-1,train
1010s1121s2001-2s5302-1-721.jpg,1010s1121s2001-2s5302-1,train
1010s1121s2001-2s5302-1-736.jpg,1010s1121s2001-2s5302-1,train
1010s1121s2001-2s5302-1-751.jpg,1010s1121s2001-2s5302-1,train
1010s1121s2001-2s5302-1-76.jpg,1010s1121s2001-2s5302-1,train
1010s1121s2001-2s5302-1-811.jpg,1010s1121s2001-2s5302-1,train
1010s1121s2001-2s5302-1-841.jpg,1010s1121s2001-2s5302-1,train
1010s1121s2001-2s5302-1-856.jpg,1010s1121s2001-2s5302-1,train
1010s1121s2001-2s5302-1-886.jpg,1010s1121s2001-2s5302-1,train
1010s1121s2001-2s5302-1-91.jpg,1010s1121s2001-2s5302-1,train
1010s1121s2001-2s5302-1-931.jpg,1010s1121s2001-2s5302-1,train
1010s1121s2001-2s5302-1-961.jpg,1010s1121s2001-2s5302-1,train
1010s1121s2002-2s5301-1-1.jpg,1010s1121s2002-2s5301-1,train
1010s1121s2002-2s5301-1-106.jpg,1010s1121s2002-2s5301-1,train
1010s1121s2002-2s5301-1-121.jpg,1010s1121s2002-2s5301-1,train
1010s1121s2002-2s5301-1-136.jpg,1010s1121s2002-2s5301-1,train
1010s1121s2002-2s5301-1-151.jpg,1010s1121s2002-2s5301-1,train
1010s1121s2002-2s5301-1-16.jpg,1010s1121s2002-2s5301-1,train
1010s1121s2002-2s5301-1-166.jpg,1010s1121s2002-2s5301-1,train
1010s1121s2002-2s5301-1-181.jpg,1010s1121s2002-2s5301-1,train
1010s1121s2002-2s5301-1-196.jpg,1010s1121s2002-2s5301-1,train
1010s1121s2002-2s5301-1-211.jpg,1010s1121s2002-2s5301-1,train
1010s1121s2002-2s5301-1-241.jpg,1010s1121s2002-2s5301-1,train
1010s1121s2002-2s5301-1-286.jpg,1010s1121s2002-2s5301-1,train
1010s1121s2002-2s5301-1-31.jpg,1010s1121s2002-2s5301-1,train
1010s1121s2002-2s5301-1-316.jpg,1010s1121s2002-2s5301-1,train
1010s1121s2002-2s5301-1-346.jpg,1010s1121s2002-2s5301-1,train
1010s1121s2002-2s5301-1-361.jpg,1010s1121s2002-2s5301-1,train
1010s1121s2002-2s5301-1-376.jpg,1010s1121s2002-2s5301-1,train
1010s1121s2002-2s5301-1-421.jpg,1010s1121s2002-2s5301-1,train
1010s1121s2002-2s5301-1-436.jpg,1010s1121s2002-2s5301-1,train
1010s1121s2002-2s5301-1-451.jpg,1010s1121s2002-2s5301-1,train
1010s1121s2002-2s5301-1-466.jpg,1010s1121s2002-2s5301-1,train
1010s1121s2002-2s5301-1-481.jpg,1010s1121s2002-2s5301-1,train
1010s1121s2002-2s5301-1-496.jpg,1010s1121s2002-2s5301-1,train
1010s1121s2002-2s5301-1-511.jpg,1010s1121s2002-2s5301-1,train
1010s1121s2002-2s5301-1-526.jpg,1010s1121s2002-2s5301-1,train
1010s1121s2002-2s5301-1-571.jpg,1010s1121s2002-2s5301-1,train
1010s1121s2002-2s5301-1-586.jpg,1010s1121s2002-2s5301-1,train
1010s1121s2002-2s5301-1-601.jpg,1010s1121s2002-2s5301-1,train
1010s1121s2002-2s5301-1-61.jpg,1010s1121s2002-2s5301-1,train
1010s1121s2002-2s5301-1-631.jpg,1010s1121s2002-2s5301-1,train
1010s1121s2002-2s5301-1-646.jpg,1010s1121s2002-2s5301-1,train
1010s1121s2002-2s5301-1-676.jpg,1010s1121s2002-2s5301-1,train
1010s1121s2002-2s5301-1-706.jpg,1010s1121s2002-2s5301-1,train
1010s1121s2002-2s5301-1-721.jpg,1010s1121s2002-2s5301-1,train
1010s1121s2002-2s5301-1-736.jpg,1010s1121s2002-2s5301-1,train
1010s1121s2002-2s5301-1-751.jpg,1010s1121s2002-2s5301-1,train
1010s1121s2002-2s5301-1-766.jpg,1010s1121s2002-2s5301-1,train
1010s1121s2002-2s5301-1-781.jpg,1010s1121s2002-2s5301-1,train
1010s1121s2002-2s5301-1-796.jpg,1010s1121s2002-2s5301-1,train
1010s1121s2002-2s5301-1-826.jpg,1010s1121s2002-2s5301-1,train
1010s1121s2002-2s5301-1-841.jpg,1010s1121s2002-2s5301-1,train
1010s1121s2002-2s5301-1-856.jpg,1010s1121s2002-2s5301-1,train
1010s1121s2002-2s5301-1-871.jpg,1010s1121s2002-2s5301-1,train
1010s1121s2002-2s5301-1-886.jpg,1010s1121s2002-2s5301-1,train
1010s1121s2002-2s5301-1-91.jpg,1010s1121s2002-2s5301-1,train
1010s1121s2002-2s5302-1-1.jpg,1010s1121s2002-2s5302-1,train
1010s1121s2002-2s5302-1-1006.jpg,1010s1121s2002-2s5302-1,train
1010s1121s2002-2s5302-1-1021.jpg,1010s1121s2002-2s5302-1,train
1010s1121s2002-2s5302-1-1036.jpg,1010s1121s2002-2s5302-1,train
1010s1121s2002-2s5302-1-1051.jpg,1010s1121s2002-2s5302-1,train
1010s1121s2002-2s5302-1-106.jpg,1010s1121s2002-2s5302-1,train
1010s1121s2002-2s5302-1-1066.jpg,1010s1121s2002-2s5302-1,train
1010s1121s2002-2s5302-1-1096.jpg,1010s1121s2002-2s5302-1,train
1010s1121s2002-2s5302-1-1111.jpg,1010s1121s2002-2s5302-1,train
1010s1121s2002-2s5302-1-1126.jpg,1010s1121s2002-2s5302-1,train
1010s1121s2002-2s5302-1-1141.jpg,1010s1121s2002-2s5302-1,train
1010s1121s2002-2s5302-1-1156.jpg,1010s1121s2002-2s5302-1,train
1010s1121s2002-2s5302-1-1171.jpg,1010s1121s2002-2s5302-1,train
1010s1121s2002-2s5302-1-136.jpg,1010s1121s2002-2s5302-1,train
1010s1121s2002-2s5302-1-151.jpg,1010s1121s2002-2s5302-1,train
1010s1121s2002-2s5302-1-16.jpg,1010s1121s2002-2s5302-1,train
1010s1121s2002-2s5302-1-181.jpg,1010s1121s2002-2s5302-1,train
1010s1121s2002-2s5302-1-196.jpg,1010s1121s2002-2s5302-1,train
1010s1121s2002-2s5302-1-211.jpg,1010s1121s2002-2s5302-1,train
1010s1121s2002-2s5302-1-226.jpg,1010s1121s2002-2s5302-1,train
1010s1121s2002-2s5302-1-256.jpg,1010s1121s2002-2s5302-1,train
1010s1121s2002-2s5302-1-271.jpg,1010s1121s2002-2s5302-1,train
1010s1121s2002-2s5302-1-286.jpg,1010s1121s2002-2s5302-1,train
1010s1121s2002-2s5302-1-301.jpg,1010s1121s2002-2s5302-1,train
1010s1121s2002-2s5302-1-31.jpg,1010s1121s2002-2s5302-1,train
1010s1121s2002-2s5302-1-316.jpg,1010s1121s2002-2s5302-1,train
1010s1121s2002-2s5302-1-331.jpg,1010s1121s2002-2s5302-1,train
1010s1121s2002-2s5302-1-346.jpg,1010s1121s2002-2s5302-1,train
1010s1121s2002-2s5302-1-361.jpg,1010s1121s2002-2s5302-1,train
1010s1121s2002-2s5302-1-376.jpg,1010s1121s2002-2s5302-1,train
1010s1121s2002-2s5302-1-406.jpg,1010s1121s2002-2s5302-1,train
1010s1121s2002-2s5302-1-421.jpg,1010s1121s2002-2s5302-1,train
1010s1121s2002-2s5302-1-436.jpg,1010s1121s2002-2s5302-1,train
1010s1121s2002-2s5302-1-451.jpg,1010s1121s2002-2s5302-1,train
1010s1121s2002-2s5302-1-46.jpg,1010s1121s2002-2s5302-1,train
1010s1121s2002-2s5302-1-466.jpg,1010s1121s2002-2s5302-1,train
1010s1121s2002-2s5302-1-481.jpg,1010s1121s2002-2s5302-1,train
1010s1121s2002-2s5302-1-496.jpg,1010s1121s2002-2s5302-1,train
1010s1121s2002-2s5302-1-511.jpg,1010s1121s2002-2s5302-1,train
1010s1121s2002-2s5302-1-526.jpg,1010s1121s2002-2s5302-1,train
1010s1121s2002-2s5302-1-541.jpg,1010s1121s2002-2s5302-1,train
1010s1121s2002-2s5302-1-556.jpg,1010s1121s2002-2s5302-1,train
1010s1121s2002-2s5302-1-571.jpg,1010s1121s2002-2s5302-1,train
1010s1121s2002-2s5302-1-586.jpg,1010s1121s2002-2s5302-1,train
1010s1121s2002-2s5302-1-601.jpg,1010s1121s2002-2s5302-1,train
1010s1121s2002-2s5302-1-61.jpg,1010s1121s2002-2s5302-1,train
1010s1121s2002-2s5302-1-631.jpg,1010s1121s2002-2s5302-1,train
1010s1121s2002-2s5302-1-661.jpg,1010s1121s2002-2s5302-1,train
1010s1121s2002-2s5302-1-676.jpg,1010s1121s2002-2s5302-1,train
1010s1121s2002-2s5302-1-691.jpg,1010s1121s2002-2s5302-1,train
1010s1121s2002-2s5302-1-706.jpg,1010s1121s2002-2s5302-1,train
1010s1121s2002-2s5302-1-721.jpg,1010s1121s2002-2s5302-1,train
1010s1121s2002-2s5302-1-736.jpg,1010s1121s2002-2s5302-1,train
1010s1121s2002-2s5302-1-751.jpg,1010s1121s2002-2s5302-1,train
1010s1121s2002-2s5302-1-76.jpg,1010s1121s2002-2s5302-1,train
1010s1121s2002-2s5302-1-766.jpg,1010s1121s2002-2s5302-1,train
1010s1121s2002-2s5302-1-781.jpg,1010s1121s2002-2s5302-1,train
1010s1121s2002-2s5302-1-811.jpg,1010s1121s2002-2s5302-1,train
1010s1121s2002-2s5302-1-826.jpg,1010s1121s2002-2s5302-1,train
1010s1121s2002-2s5302-1-841.jpg,1010s1121s2002-2s5302-1,train
1010s1121s2002-2s5302-1-856.jpg,1010s1121s2002-2s5302-1,train
1010s1121s2002-2s5302-1-871.jpg,1010s1121s2002-2s5302-1,train
1010s1121s2002-2s5302-1-901.jpg,1010s1121s2002-2s5302-1,train
1010s1121s2002-2s5302-1-91.jpg,1010s1121s2002-2s5302-1,train
1010s1121s2002-2s5302-1-916.jpg,1010s1121s2002-2s5302-1,train
1010s1121s2002-2s5302-1-931.jpg,1010s1121s2002-2s5302-1,train
1010s1121s2002-2s5302-1-946.jpg,1010s1121s2002-2s5302-1,train
1010s1121s2002-2s5302-1-961.jpg,1010s1121s2002-2s5302-1,train
1010s1121s2002-2s5302-1-976.jpg,1010s1121s2002-2s5302-1,train
1010s1121s2002-2s5302-1-991.jpg,1010s1121s2002-2s5302-1,train
1010s1121s3001-2s5001-1-1.jpg,1010s1121s3001-2s5001-1,train
1010s1121s3001-2s5001-1-106.jpg,1010s1121s3001-2s5001-1,train
1010s1121s3001-2s5001-1-136.jpg,1010s1121s3001-2s5001-1,train
1010s1121s3001-2s5001-1-151.jpg,1010s1121s3001-2s5001-1,train
1010s1121s3001-2s5001-1-16.jpg,1010s1121s3001-2s5001-1,train
1010s1121s3001-2s5001-1-166.jpg,1010s1121s3001-2s5001-1,train
1010s1121s3001-2s5001-1-181.jpg,1010s1121s3001-2s5001-1,train
1010s1121s3001-2s5001-1-196.jpg,1010s1121s3001-2s5001-1,train
1010s1121s3001-2s5001-1-211.jpg,1010s1121s3001-2s5001-1,train
1010s1121s3001-2s5001-1-241.jpg,1010s1121s3001-2s5001-1,train
1010s1121s3001-2s5001-1-256.jpg,1010s1121s3001-2s5001-1,train
1010s1121s3001-2s5001-1-271.jpg,1010s1121s3001-2s5001-1,train
1010s1121s3001-2s5001-1-286.jpg,1010s1121s3001-2s5001-1,train
1010s1121s3001-2s5001-1-31.jpg,1010s1121s3001-2s5001-1,train
1010s1121s3001-2s5001-1-331.jpg,1010s1121s3001-2s5001-1,train
1010s1121s3001-2s5001-1-346.jpg,1010s1121s3001-2s5001-1,train
1010s1121s3001-2s5001-1-361.jpg,1010s1121s3001-2s5001-1,train
1010s1121s3001-2s5001-1-376.jpg,1010s1121s3001-2s5001-1,train
1010s1121s3001-2s5001-1-391.jpg,1010s1121s3001-2s5001-1,train
1010s1121s3001-2s5001-1-406.jpg,1010s1121s3001-2s5001-1,train
1010s1121s3001-2s5001-1-421.jpg,1010s1121s3001-2s5001-1,train
1010s1121s3001-2s5001-1-46.jpg,1010s1121s3001-2s5001-1,train
1010s1121s3001-2s5001-1-466.jpg,1010s1121s3001-2s5001-1,train
1010s1121s3001-2s5001-1-481.jpg,1010s1121s3001-2s5001-1,train
1010s1121s3001-2s5001-1-496.jpg,1010s1121s3001-2s5001-1,train
1010s1121s3001-2s5001-1-526.jpg,1010s1121s3001-2s5001-1,train
1010s1121s3001-2s5001-1-541.jpg,1010s1121s3001-2s5001-1,train
1010s1121s3001-2s5001-1-556.jpg,1010s1121s3001-2s5001-1,train
1010s1121s3001-2s5001-1-571.jpg,1010s1121s3001-2s5001-1,train
1010s1121s3001-2s5001-1-586.jpg,1010s1121s3001-2s5001-1,train
1010s1121s3001-2s5001-1-601.jpg,1010s1121s3001-2s5001-1,train
1010s1121s3001-2s5001-1-61.jpg,1010s1121s3001-2s5001-1,train
1010s1121s3001-2s5001-1-616.jpg,1010s1121s3001-2s5001-1,train
1010s1121s3001-2s5001-1-631.jpg,1010s1121s3001-2s5001-1,train
1010s1121s3001-2s5001-1-646.jpg,1010s1121s3001-2s5001-1,train
1010s1121s3001-2s5001-1-661.jpg,1010s1121s3001-2s5001-1,train
1010s1121s3001-2s5001-1-676.jpg,1010s1121s3001-2s5001-1,train
1010s1121s3001-2s5001-1-691.jpg,1010s1121s3001-2s5001-1,train
1010s1121s3001-2s5001-1-706.jpg,1010s1121s3001-2s5001-1,train
1010s1121s3001-2s5001-1-721.jpg,1010s1121s3001-2s5001-1,train
1010s1121s3001-2s5001-1-751.jpg,1010s1121s3001-2s5001-1,train
1010s1121s3001-2s5001-1-76.jpg,1010s1121s3001-2s5001-1,train
1010s1121s3001-2s5001-1-766.jpg,1010s1121s3001-2s5001-1,train
1010s1121s3001-2s5001-1-781.jpg,1010s1121s3001-2s5001-1,train
1010s1121s3001-2s5001-1-796.jpg,1010s1121s3001-2s5001-1,train
1010s1121s3001-2s5001-1-811.jpg,1010s1121s3001-2s5001-1,train
1010s1121s3001-2s5001-1-826.jpg,1010s1121s3001-2s5001-1,train
1010s1121s3001-2s5001-1-841.jpg,1010s1121s3001-2s5001-1,train
1010s1121s3001-2s5001-1-856.jpg,1010s1121s3001-2s5001-1,train
1010s1121s3001-2s5001-1-871.jpg,1010s1121s3001-2s5001-1,train
1010s1121s3001-2s5001-1-91.jpg,1010s1121s3001-2s5001-1,train
1010s1121s3002-2s5001-1-1.jpg,1010s1121s3002-2s5001-1,train
1010s1121s3002-2s5001-1-106.jpg,1010s1121s3002-2s5001-1,train
1010s1121s3002-2s5001-1-136.jpg,1010s1121s3002-2s5001-1,train
1010s1121s3002-2s5001-1-16.jpg,1010s1121s3002-2s5001-1,train
1010s1121s3002-2s5001-1-166.jpg,1010s1121s3002-2s5001-1,train
1010s1121s3002-2s5001-1-181.jpg,1010s1121s3002-2s5001-1,train
1010s1121s3002-2s5001-1-196.jpg,1010s1121s3002-2s5001-1,train
1010s1121s3002-2s5001-1-211.jpg,1010s1121s3002-2s5001-1,train
1010s1121s3002-2s5001-1-226.jpg,1010s1121s3002-2s5001-1,train
1010s1121s3002-2s5001-1-241.jpg,1010s1121s3002-2s5001-1,train
1010s1121s3002-2s5001-1-256.jpg,1010s1121s3002-2s5001-1,train
1010s1121s3002-2s5001-1-271.jpg,1010s1121s3002-2s5001-1,train
1010s1121s3002-2s5001-1-286.jpg,1010s1121s3002-2s5001-1,train
1010s1121s3002-2s5001-1-301.jpg,1010s1121s3002-2s5001-1,train
1010s1121s3002-2s5001-1-31.jpg,1010s1121s3002-2s5001-1,train
1010s1121s3002-2s5001-1-316.jpg,1010s1121s3002-2s5001-1,train
1010s1121s3002-2s5001-1-331.jpg,1010s1121s3002-2s5001-1,train
1010s1121s3002-2s5001-1-346.jpg,1010s1121s3002-2s5001-1,train
1010s1121s3002-2s5001-1-361.jpg,1010s1121s3002-2s5001-1,train
1010s1121s3002-2s5001-1-391.jpg,1010s1121s3002-2s5001-1,train
1010s1121s3002-2s5001-1-406.jpg,1010s1121s3002-2s5001-1,train
1010s1121s3002-2s5001-1-436.jpg,1010s1121s3002-2s5001-1,train
1010s1121s3002-2s5001-1-451.jpg,1010s1121s3002-2s5001-1,train
1010s1121s3002-2s5001-1-46.jpg,1010s1121s3002-2s5001-1,train
1010s1121s3002-2s5001-1-466.jpg,1010s1121s3002-2s5001-1,train
1010s1121s3002-2s5001-1-481.jpg,1010s1121s3002-2s5001-1,train
1010s1121s3002-2s5001-1-511.jpg,1010s1121s3002-2s5001-1,train
1010s1121s3002-2s5001-1-541.jpg,1010s1121s3002-2s5001-1,train
1010s1121s3002-2s5001-1-556.jpg,1010s1121s3002-2s5001-1,train
1010s1121s3002-2s5001-1-586.jpg,1010s1121s3002-2s5001-1,train
1010s1121s3002-2s5001-1-61.jpg,1010s1121s3002-2s5001-1,train
1010s1121s3002-2s5001-1-76.jpg,1010s1121s3002-2s5001-1,train
1010s1121s3002-2s5001-1-91.jpg,1010s1121s3002-2s5001-1,train
1020s1120s2003-2s5301-1-1.jpg,1020s1120s2003-2s5301-1,train
1020s1120s2003-2s5301-1-1006.jpg,1020s1120s2003-2s5301-1,train
1020s1120s2003-2s5301-1-1036.jpg,1020s1120s2003-2s5301-1,train
1020s1120s2003-2s5301-1-1051.jpg,1020s1120s2003-2s5301-1,train
1020s1120s2003-2s5301-1-106.jpg,1020s1120s2003-2s5301-1,train
1020s1120s2003-2s5301-1-1081.jpg,1020s1120s2003-2s5301-1,train
1020s1120s2003-2s5301-1-1096.jpg,1020s1120s2003-2s5301-1,train
1020s1120s2003-2s5301-1-1141.jpg,1020s1120s2003-2s5301-1,train
1020s1120s2003-2s5301-1-1156.jpg,1020s1120s2003-2s5301-1,train
1020s1120s2003-2s5301-1-1171.jpg,1020s1120s2003-2s5301-1,train
1020s1120s2003-2s5301-1-1186.jpg,1020s1120s2003-2s5301-1,train
1020s1120s2003-2s5301-1-136.jpg,1020s1120s2003-2s5301-1,train
1020s1120s2003-2s5301-1-16.jpg,1020s1120s2003-2s5301-1,train
1020s1120s2003-2s5301-1-166.jpg,1020s1120s2003-2s5301-1,train
1020s1120s2003-2s5301-1-181.jpg,1020s1120s2003-2s5301-1,train
1020s1120s2003-2s5301-1-196.jpg,1020s1120s2003-2s5301-1,train
1020s1120s2003-2s5301-1-226.jpg,1020s1120s2003-2s5301-1,train
1020s1120s2003-2s5301-1-241.jpg,1020s1120s2003-2s5301-1,train
1020s1120s2003-2s5301-1-271.jpg,1020s1120s2003-2s5301-1,train
1020s1120s2003-2s5301-1-286.jpg,1020s1120s2003-2s5301-1,train
1020s1120s2003-2s5301-1-301.jpg,1020s1120s2003-2s5301-1,train
1020s1120s2003-2s5301-1-31.jpg,1020s1120s2003-2s5301-1,train
1020s1120s2003-2s5301-1-316.jpg,1020s1120s2003-2s5301-1,train
1020s1120s2003-2s5301-1-331.jpg,1020s1120s2003-2s5301-1,train
1020s1120s2003-2s5301-1-346.jpg,1020s1120s2003-2s5301-1,train
1020s1120s2003-2s5301-1-361.jpg,1020s1120s2003-2s5301-1,train
1020s1120s2003-2s5301-1-376.jpg,1020s1120s2003-2s5301-1,train
1020s1120s2003-2s5301-1-436.jpg,1020s1120s2003-2s5301-1,train
1020s1120s2003-2s5301-1-451.jpg,1020s1120s2003-2s5301-1,train
1020s1120s2003-2s5301-1-46.jpg,1020s1120s2003-2s5301-1,train
1020s1120s2003-2s5301-1-466.jpg,1020s1120s2003-2s5301-1,train
1020s1120s2003-2s5301-1-511.jpg,1020s1120s2003-2s5301-1,train
1020s1120s2003-2s5301-1-526.jpg,1020s1120s2003-2s5301-1,train
1020s1120s2003-2s5301-1-541.jpg,1020s1120s2003-2s5301-1,train
1020s1120s2003-2s5301-1-556.jpg,1020s1120s2003-2s5301-1,train
1020s1120s2003-2s5301-1-571.jpg,1020s1120s2003-2s5301-1,train
1020s1120s2003-2s5301-1-586.jpg,1020s1120s2003-2s5301-1,train
1020s1120s2003-2s5301-1-601.jpg,1020s1120s2003-2s5301-1,train
1020s1120s2003-2s5301-1-61.jpg,1020s1120s2003-2s5301-1,train
1020s1120s2003-2s5301-1-616.jpg,1020s1120s2003-2s5301-1,train
1020s1120s2003-2s5301-1-631.jpg,1020s1120s2003-2s5301-1,train
1020s1120s2003-2s5301-1-646.jpg,1020s1120s2003-2s5301-1,train
1020s1120s2003-2s5301-1-676.jpg,1020s1120s2003-2s5301-1,train
1020s1120s2003-2s5301-1-691.jpg,1020s1120s2003-2s5301-1,train
1020s1120s2003-2s5301-1-721.jpg,1020s1120s2003-2s5301-1,train
1020s1120s2003-2s5301-1-736.jpg,1020s1120s2003-2s5301-1,train
1020s1120s2003-2s5301-1-751.jpg,1020s1120s2003-2s5301-1,train
1020s1120s2003-2s5301-1-76.jpg,1020s1120s2003-2s5301-1,train
1020s1120s2003-2s5301-1-766.jpg,1020s1120s2003-2s5301-1,train
1020s1120s2003-2s5301-1-796.jpg,1020s1120s2003-2s5301-1,train
1020s1120s2003-2s5301-1-811.jpg,1020s1120s2003-2s5301-1,train
1020s1120s2003-2s5301-1-841.jpg,1020s1120s2003-2s5301-1,train
1020s1120s2003-2s5301-1-856.jpg,1020s1120s2003-2s5301-1,train
1020s1120s2003-2s5301-1-871.jpg,1020s1120s2003-2s5301-1,train
1020s1120s2003-2s5301-1-886.jpg,1020s1120s2003-2s5301-1,train
1020s1120s2003-2s5301-1-91.jpg,1020s1120s2003-2s5301-1,train
1020s1120s2003-2s5301-1-916.jpg,1020s1120s2003-2s5301-1,train
1020s1120s2003-2s5301-1-931.jpg,1020s1120s2003-2s5301-1,train
1020s1120s2003-2s5301-1-946.jpg,1020s1120s2003-2s5301-1,train
1020s1120s2003-2s5301-1-961.jpg,1020s1120s2003-2s5301-1,train
1020s1120s2003-2s5301-1-976.jpg,1020s1120s2003-2s5301-1,train
1020s1120s2003-2s5301-1-991.jpg,1020s1120s2003-2s5301-1,train
1020s1121s2003-1s5001-2-1.jpg,1020s1121s2003-1s5001-2,train
1020s1121s2003-1s5001-2-106.jpg,1020s1121s2003-1s5001-2,train
1020s1121s2003-1s5001-2-121.jpg,1020s1121s2003-1s5001-2,train
1020s1121s2003-1s5001-2-151.jpg,1020s1121s2003-1s5001-2,train
1020s1121s2003-1s5001-2-16.jpg,1020s1121s2003-1s5001-2,train
1020s1121s2003-1s5001-2-181.jpg,1020s1121s2003-1s5001-2,train
1020s1121s2003-1s5001-2-211.jpg,1020s1121s2003-1s5001-2,train
1020s1121s2003-1s5001-2-256.jpg,1020s1121s2003-1s5001-2,train
1020s1121s2003-1s5001-2-271.jpg,1020s1121s2003-1s5001-2,train
1020s1121s2003-1s5001-2-286.jpg,1020s1121s2003-1s5001-2,train
1020s1121s2003-1s5001-2-301.jpg,1020s1121s2003-1s5001-2,train
1020s1121s2003-1s5001-2-31.jpg,1020s1121s2003-1s5001-2,train
1020s1121s2003-1s5001-2-316.jpg,1020s1121s2003-1s5001-2,train
1020s1121s2003-1s5001-2-331.jpg,1020s1121s2003-1s5001-2,train
1020s1121s2003-1s5001-2-346.jpg,1020s1121s2003-1s5001-2,train
1020s1121s2003-1s5001-2-361.jpg,1020s1121s2003-1s5001-2,train
1020s1121s2003-1s5001-2-376.jpg,1020s1121s2003-1s5001-2,train
1020s1121s2003-1s5001-2-391.jpg,1020s1121s2003-1s5001-2,train
1020s1121s2003-1s5001-2-406.jpg,1020s1121s2003-1s5001-2,train
1020s1121s2003-1s5001-2-421.jpg,1020s1121s2003-1s5001-2,train
1020s1121s2003-1s5001-2-436.jpg,1020s1121s2003-1s5001-2,train
1020s1121s2003-1s5001-2-451.jpg,1020s1121s2003-1s5001-2,train
1020s1121s2003-1s5001-2-466.jpg,1020s1121s2003-1s5001-2,train
1020s1121s2003-1s5001-2-496.jpg,1020s1121s2003-1s5001-2,train
1020s1121s2003-1s5001-2-526.jpg,1020s1121s2003-1s5001-2,train
1020s1121s2003-1s5001-2-541.jpg,1020s1121s2003-1s5001-2,train
1020s1121s2003-1s5001-2-556.jpg,1020s1121s2003-1s5001-2,train
1020s1121s2003-1s5001-2-571.jpg,1020s1121s2003-1s5001-2,train
1020s1121s2003-1s5001-2-586.jpg,1020s1121s2003-1s5001-2,train
1020s1121s2003-1s5001-2-61.jpg,1020s1121s2003-1s5001-2,train
1020s1121s2003-1s5001-2-76.jpg,1020s1121s2003-1s5001-2,train
1020s1121s2003-1s5001-2-91.jpg,1020s1121s2003-1s5001-2,train
1020s1121s2003-1s5300-1-1.jpg,1020s1121s2003-1s5300-1,train
1020s1121s2003-1s5300-1-106.jpg,1020s1121s2003-1s5300-1,train
1020s1121s2003-1s5300-1-121.jpg,1020s1121s2003-1s5300-1,train
1020s1121s2003-1s5300-1-136.jpg,1020s1121s2003-1s5300-1,train
1020s1121s2003-1s5300-1-151.jpg,1020s1121s2003-1s5300-1,train
1020s1121s2003-1s5300-1-16.jpg,1020s1121s2003-1s5300-1,train
1020s1121s2003-1s5300-1-166.jpg,1020s1121s2003-1s5300-1,train
1020s1121s2003-1s5300-1-181.jpg,1020s1121s2003-1s5300-1,train
1020s1121s2003-1s5300-1-196.jpg,1020s1121s2003-1s5300-1,train
1020s1121s2003-1s5300-1-211.jpg,1020s1121s2003-1s5300-1,train
1020s1121s2003-1s5300-1-226.jpg,1020s1121s2003-1s5300-1,train
1020s1121s2003-1s5300-1-256.jpg,1020s1121s2003-1s5300-1,train
1020s1121s2003-1s5300-1-271.jpg,1020s1121s2003-1s5300-1,train
1020s1121s2003-1s5300-1-286.jpg,1020s1121s2003-1s5300-1,train
1020s1121s2003-1s5300-1-301.jpg,1020s1121s2003-1s5300-1,train
1020s1121s2003-1s5300-1-31.jpg,1020s1121s2003-1s5300-1,train
1020s1121s2003-1s5300-1-316.jpg,1020s1121s2003-1s5300-1,train
1020s1121s2003-1s5300-1-331.jpg,1020s1121s2003-1s5300-1,train
1020s1121s2003-1s5300-1-346.jpg,1020s1121s2003-1s5300-1,train
1020s1121s2003-1s5300-1-361.jpg,1020s1121s2003-1s5300-1,train
1020s1121s2003-1s5300-1-391.jpg,1020s1121s2003-1s5300-1,train
1020s1121s2003-1s5300-1-406.jpg,1020s1121s2003-1s5300-1,train
1020s1121s2003-1s5300-1-436.jpg,1020s1121s2003-1s5300-1,train
1020s1121s2003-1s5300-1-451.jpg,1020s1121s2003-1s5300-1,train
1020s1121s2003-1s5300-1-46.jpg,1020s1121s2003-1s5300-1,train
1020s1121s2003-1s5300-1-466.jpg,1020s1121s2003-1s5300-1,train
1020s1121s2003-1s5300-1-496.jpg,1020s1121s2003-1s5300-1,train
1020s1121s2003-1s5300-1-511.jpg,1020s1121s2003-1s5300-1,train
1020s1121s2003-1s5300-1-526.jpg,1020s1121s2003-1s5300-1,train
1020s1121s2003-1s5300-1-541.jpg,1020s1121s2003-1s5300-1,train
1020s1121s2003-1s5300-1-556.jpg,1020s1121s2003-1s5300-1,train
1020s1121s2003-1s5300-1-571.jpg,1020s1121s2003-1s5300-1,train
1020s1121s2003-1s5300-1-586.jpg,1020s1121s2003-1s5300-1,train
1020s1121s2003-1s5300-1-601.jpg,1020s1121s2003-1s5300-1,train
1020s1121s2003-1s5300-1-61.jpg,1020s1121s2003-1s5300-1,train
1020s1121s2003-1s5300-1-616.jpg,1020s1121s2003-1s5300-1,train
1020s1121s2003-1s5300-1-646.jpg,1020s1121s2003-1s5300-1,train
1020s1121s2003-1s5300-1-661.jpg,1020s1121s2003-1s5300-1,train
1020s1121s2003-1s5300-1-691.jpg,1020s1121s2003-1s5300-1,train
1020s1121s2003-1s5300-1-706.jpg,1020s1121s2003-1s5300-1,train
1020s1121s2003-1s5300-1-76.jpg,1020s1121s2003-1s5300-1,train
1020s1121s2003-1s5300-1-766.jpg,1020s1121s2003-1s5300-1,train
1020s1121s2003-1s5300-1-781.jpg,1020s1121s2003-1s5300-1,train
1020s1121s2003-1s5300-1-796.jpg,1020s1121s2003-1s5300-1,train
1020s1121s2003-1s5300-1-811.jpg,1020s1121s2003-1s5300-1,train
1020s1121s2003-1s5300-1-826.jpg,1020s1121s2003-1s5300-1,train
1020s1121s2003-1s5300-1-841.jpg,1020s1121s2003-1s5300-1,train
1020s1121s2003-1s5300-1-856.jpg,1020s1121s2003-1s5300-1,train
1020s1121s2003-1s5300-1-871.jpg,1020s1121s2003-1s5300-1,train
1020s1121s2003-1s5300-1-886.jpg,1020s1121s2003-1s5300-1,train
1020s1121s2003-1s5300-1-91.jpg,1020s1121s2003-1s5300-1,train
1020s1121s2003-1s5303-1-1006.jpg,1020s1121s2003-1s5303-1,train
1020s1121s2003-1s5303-1-1021.jpg,1020s1121s2003-1s5303-1,train
1020s1121s2003-1s5303-1-1036.jpg,1020s1121s2003-1s5303-1,train
1020s1121s2003-1s5303-1-1051.jpg,1020s1121s2003-1s5303-1,train
1020s1121s2003-1s5303-1-1081.jpg,1020s1121s2003-1s5303-1,train
1020s1121s2003-1s5303-1-1096.jpg,1020s1121s2003-1s5303-1,train
1020s1121s2003-1s5303-1-1111.jpg,1020s1121s2003-1s5303-1,train
1020s1121s2003-1s5303-1-1156.jpg,1020s1121s2003-1s5303-1,train
1020s1121s2003-1s5303-1-1171.jpg,1020s1121s2003-1s5303-1,train
1020s1121s2003-1s5303-1-1186.jpg,1020s1121s2003-1s5303-1,train
1020s1121s2003-1s5303-1-121.jpg,1020s1121s2003-1s5303-1,train
1020s1121s2003-1s5303-1-136.jpg,1020s1121s2003-1s5303-1,train
1020s1121s2003-1s5303-1-166.jpg,1020s1121s2003-1s5303-1,train
1020s1121s2003-1s5303-1-181.jpg,1020s1121s2003-1s5303-1,train
1020s1121s2003-1s5303-1-196.jpg,1020s1121s2003-1s5303-1,train
1020s1121s2003-1s5303-1-211.jpg,1020s1121s2003-1s5303-1,train
1020s1121s2003-1s5303-1-226.jpg,1020s1121s2003-1s5303-1,train
1020s1121s2003-1s5303-1-241.jpg,1020s1121s2003-1s5303-1,train
1020s1121s2003-1s5303-1-271.jpg,1020s1121s2003-1s5303-1,train
1020s1121s2003-1s5303-1-286.jpg,1020s1121s2003-1s5303-1,train
1020s1121s2003-1s5303-1-31.jpg,1020s1121s2003-1s5303-1,train
1020s1121s2003-1s5303-1-331.jpg,1020s1121s2003-1s5303-1,train
1020s1121s2003-1s5303-1-346.jpg,1020s1121s2003-1s5303-1,train
1020s1121s2003-1s5303-1-361.jpg,1020s1121s2003-1s5303-1,train
1020s1121s2003-1s5303-1-376.jpg,1020s1121s2003-1s5303-1,train
1020s1121s2003-1s5303-1-391.jpg,1020s1121s2003-1s5303-1,train
1020s1121s2003-1s5303-1-406.jpg,1020s1121s2003-1s5303-1,train
1020s1121s2003-1s5303-1-46.jpg,1020s1121s2003-1s5303-1,train
1020s1121s2003-1s5303-1-466.jpg,1020s1121s2003-1s5303-1,train
1020s1121s2003-1s5303-1-481.jpg,1020s1121s2003-1s5303-1,train
1020s1121s2003-1s5303-1-511.jpg,1020s1121s2003-1s5303-1,train
1020s1121s2003-1s5303-1-526.jpg,1020s1121s2003-1s5303-1,train
1020s1121s2003-1s5303-1-541.jpg,1020s1121s2003-1s5303-1,train
1020s1121s2003-1s5303-1-556.jpg,1020s1121s2003-1s5303-1,train
1020s1121s2003-1s5303-1-586.jpg,1020s1121s2003-1s5303-1,train
1020s1121s2003-1s5303-1-601.jpg,1020s1121s2003-1s5303-1,train
1020s1121s2003-1s5303-1-61.jpg,1020s1121s2003-1s5303-1,train
1020s1121s2003-1s5303-1-616.jpg,1020s1121s2003-1s5303-1,train
1020s1121s2003-1s5303-1-631.jpg,1020s1121s2003-1s5303-1,train
1020s1121s2003-1s5303-1-646.jpg,1020s1121s2003-1s5303-1,train
1020s1121s2003-1s5303-1-661.jpg,1020s1121s2003-1s5303-1,train
1020s1121s2003-1s5303-1-676.jpg,1020s1121s2003-1s5303-1,train
1020s1121s2003-1s5303-1-691.jpg,1020s1121s2003-1s5303-1,train
1020s1121s2003-1s5303-1-721.jpg,1020s1121s2003-1s5303-1,train
1020s1121s2003-1s5303-1-736.jpg,1020s1121s2003-1s5303-1,train
1020s1121s2003-1s5303-1-751.jpg,1020s1121s2003-1s5303-1,train
1020s1121s2003-1s5303-1-76.jpg,1020s1121s2003-1s5303-1,train
1020s1121s2003-1s5303-1-766.jpg,1020s1121s2003-1s5303-1,train
1020s1121s2003-1s5303-1-781.jpg,1020s1121s2003-1s5303-1,train
1020s1121s2003-1s5303-1-796.jpg,1020s1121s2003-1s5303-1,train
1020s1121s2003-1s5303-1-811.jpg,1020s1121s2003-1s5303-1,train
1020s1121s2003-1s5303-1-826.jpg,1020s1121s2003-1s5303-1,train
1020s1121s2003-1s5303-1-856.jpg,1020s1121s2003-1s5303-1,train
1020s1121s2003-1s5303-1-871.jpg,1020s1121s2003-1s5303-1,train
1020s1121s2003-1s5303-1-886.jpg,1020s1121s2003-1s5303-1,train
1020s1121s2003-1s5303-1-901.jpg,1020s1121s2003-1s5303-1,train
1020s1121s2003-1s5303-1-91.jpg,1020s1121s2003-1s5303-1,train
1020s1121s2003-1s5303-1-916.jpg,1020s1121s2003-1s5303-1,train
1020s1121s2003-1s5303-1-961.jpg,1020s1121s2003-1s5303-1,train
1020s1220s2003-2s5303-1-1.jpg,1020s1220s2003-2s5303-1,train
1020s1220s2003-2s5303-1-106.jpg,1020s1220s2003-2s5303-1,train
1020s1220s2003-2s5303-1-121.jpg,1020s1220s2003-2s5303-1,train
1020s1220s2003-2s5303-1-136.jpg,1020s1220s2003-2s5303-1,train
1020s1220s2003-2s5303-1-151.jpg,1020s1220s2003-2s5303-1,train
1020s1220s2003-2s5303-1-16.jpg,1020s1220s2003-2s5303-1,train
1020s1220s2003-2s5303-1-181.jpg,1020s1220s2003-2s5303-1,train
1020s1220s2003-2s5303-1-196.jpg,1020s1220s2003-2s5303-1,train
1020s1220s2003-2s5303-1-211.jpg,1020s1220s2003-2s5303-1,train
1020s1220s2003-2s5303-1-226.jpg,1020s1220s2003-2s5303-1,train
1020s1220s2003-2s5303-1-241.jpg,1020s1220s2003-2s5303-1,train
1020s1220s2003-2s5303-1-271.jpg,1020s1220s2003-2s5303-1,train
1020s1220s2003-2s5303-1-286.jpg,1020s1220s2003-2s5303-1,train
1020s1220s2003-2s5303-1-301.jpg,1020s1220s2003-2s5303-1,train
1020s1220s2003-2s5303-1-31.jpg,1020s1220s2003-2s5303-1,train
1020s1220s2003-2s5303-1-316.jpg,1020s1220s2003-2s5303-1,train
1020s1220s2003-2s5303-1-331.jpg,1020s1220s2003-2s5303-1,train
1020s1220s2003-2s5303-1-346.jpg,1020s1220s2003-2s5303-1,train
1020s1220s2003-2s5303-1-376.jpg,1020s1220s2003-2s5303-1,train
1020s1220s2003-2s5303-1-391.jpg,1020s1220s2003-2s5303-1,train
1020s1220s2003-2s5303-1-406.jpg,1020s1220s2003-2s5303-1,train
1020s1220s2003-2s5303-1-46.jpg,1020s1220s2003-2s5303-1,train
1020s1220s2003-2s5303-1-466.jpg,1020s1220s2003-2s5303-1,train
1020s1220s2003-2s5303-1-481.jpg,1020s1220s2003-2s5303-1,train
1020s1220s2003-2s5303-1-496.jpg,1020s1220s2003-2s5303-1,train
1020s1220s2003-2s5303-1-511.jpg,1020s1220s2003-2s5303-1,train
1020s1220s2003-2s5303-1-526.jpg,1020s1220s2003-2s5303-1,train
1020s1220s2003-2s5303-1-541.jpg,1020s1220s2003-2s5303-1,train
1020s1220s2003-2s5303-1-556.jpg,1020s1220s2003-2s5303-1,train
1020s1220s2003-2s5303-1-586.jpg,1020s1220s2003-2s5303-1,train
1020s1220s2003-2s5303-1-61.jpg,1020s1220s2003-2s5303-1,train
1020s1220s2003-2s5303-1-616.jpg,1020s1220s2003-2s5303-1,train
1020s1220s2003-2s5303-1-631.jpg,1020s1220s2003-2s5303-1,train
1020s1220s2003-2s5303-1-646.jpg,1020s1220s2003-2s5303-1,train
1020s1220s2003-2s5303-1-661.jpg,1020s1220s2003-2s5303-1,train
1020s1220s2003-2s5303-1-676.jpg,1020s1220s2003-2s5303-1,train
1020s1220s2003-2s5303-1-706.jpg,1020s1220s2003-2s5303-1,train
1020s1220s2003-2s5303-1-736.jpg,1020s1220s2003-2s5303-1,train
1020s1220s2003-2s5303-1-751.jpg,1020s1220s2003-2s5303-1,train
1020s1220s2003-2s5303-1-76.jpg,1020s1220s2003-2s5303-1,train
1020s1220s2003-2s5303-1-766.jpg,1020s1220s2003-2s5303-1,train
1020s1220s2003-2s5303-1-781.jpg,1020s1220s2003-2s5303-1,train
1020s1220s2003-2s5303-1-796.jpg,1020s1220s2003-2s5303-1,train
1020s1220s2003-2s5303-1-811.jpg,1020s1220s2003-2s5303-1,train
1020s1220s2003-2s5303-1-826.jpg,1020s1220s2003-2s5303-1,train
1020s1220s2003-2s5303-1-841.jpg,1020s1220s2003-2s5303-1,train
1020s1220s2003-2s5303-1-856.jpg,1020s1220s2003-2s5303-1,train
1020s1220s2003-2s5303-1-886.jpg,1020s1220s2003-2s5303-1,train
1020s1221s2003-1s5300-1-1.jpg,1020s1221s2003-1s5300-1,train
1020s1221s2003-1s5300-1-106.jpg,1020s1221s2003-1s5300-1,train
1020s1221s2003-1s5300-1-121.jpg,1020s1221s2003-1s5300-1,train
1020s1221s2003-1s5300-1-151.jpg,1020s1221s2003-1s5300-1,train
1020s1221s2003-1s5300-1-16.jpg,1020s1221s2003-1s5300-1,train
1020s1221s2003-1s5300-1-166.jpg,1020s1221s2003-1s5300-1,train
1020s1221s2003-1s5300-1-181.jpg,1020s1221s2003-1s5300-1,train
1020s1221s2003-1s5300-1-196.jpg,1020s1221s2003-1s5300-1,train
1020s1221s2003-1s5300-1-211.jpg,1020s1221s2003-1s5300-1,train
1020s1221s2003-1s5300-1-226.jpg,1020s1221s2003-1s5300-1,train
1020s1221s2003-1s5300-1-241.jpg,1020s1221s2003-1s5300-1,train
1020s1221s2003-1s5300-1-256.jpg,1020s1221s2003-1s5300-1,train
1020s1221s2003-1s5300-1-271.jpg,1020s1221s2003-1s5300-1,train
1020s1221s2003-1s5300-1-286.jpg,1020s1221s2003-1s5300-1,train
1020s1221s2003-1s5300-1-301.jpg,1020s1221s2003-1s5300-1,train
1020s1221s2003-1s5300-1-31.jpg,1020s1221s2003-1s5300-1,train
1020s1221s2003-1s5300-1-316.jpg,1020s1221s2003-1s5300-1,train
1020s1221s2003-1s5300-1-331.jpg,1020s1221s2003-1s5300-1,train
1020s1221s2003-1s5300-1-376.jpg,1020s1221s2003-1s5300-1,train
1020s1221s2003-1s5300-1-391.jpg,1020s1221s2003-1s5300-1,train
1020s1221s2003-1s5300-1-421.jpg,1020s1221s2003-1s5300-1,train
1020s1221s2003-1s5300-1-436.jpg,1020s1221s2003-1s5300-1,train
1020s1221s2003-1s5300-1-451.jpg,1020s1221s2003-1s5300-1,train
1020s1221s2003-1s5300-1-466.jpg,1020s1221s2003-1s5300-1,train
1020s1221s2003-1s5300-1-481.jpg,1020s1221s2003-1s5300-1,train
1020s1221s2003-1s5300-1-496.jpg,1020s1221s2003-1s5300-1,train
1020s1221s2003-1s5300-1-511.jpg,1020s1221s2003-1s5300-1,train
1020s1221s2003-1s5300-1-526.jpg,1020s1221s2003-1s5300-1,train
1020s1221s2003-1s5300-1-541.jpg,1020s1221s2003-1s5300-1,train
1020s1221s2003-1s5300-1-556.jpg,1020s1221s2003-1s5300-1,train
1020s1221s2003-1s5300-1-586.jpg,1020s1221s2003-1s5300-1,train
1020s1221s2003-1s5300-1-601.jpg,1020s1221s2003-1s5300-1,train
1020s1221s2003-1s5300-1-616.jpg,1020s1221s2003-1s5300-1,train
1020s1221s2003-1s5300-1-631.jpg,1020s1221s2003-1s5300-1,train
1020s1221s2003-1s5300-1-646.jpg,1020s1221s2003-1s5300-1,train
1020s1221s2003-1s5300-1-676.jpg,1020s1221s2003-1s5300-1,train
1020s1221s2003-1s5300-1-691.jpg,1020s1221s2003-1s5300-1,train
1020s1221s2003-1s5300-1-721.jpg,1020s1221s2003-1s5300-1,train
1020s1221s2003-1s5300-1-76.jpg,1020s1221s2003-1s5300-1,train
1020s1221s2003-1s5300-1-766.jpg,1020s1221s2003-1s5300-1,train
1020s1221s2003-1s5300-1-796.jpg,1020s1221s2003-1s5300-1,train
1020s1221s2003-1s5300-1-826.jpg,1020s1221s2003-1s5300-1,train
1020s1221s2003-1s5300-1-841.jpg,1020s1221s2003-1s5300-1,train
1020s1221s2003-1s5300-1-856.jpg,1020s1221s2003-1s5300-1,train
1020s1221s2003-1s5300-1-871.jpg,1020s1221s2003-1s5300-1,train
1020s1221s2003-1s5300-1-91.jpg,1020s1221s2003-1s5300-1,train
1040s1132s3005-3s5001-1-1.jpg,1040s1132s3005-3s5001-1,train
1040s1132s3005-3s5001-1-106.jpg,1040s1132s3005-3s5001-1,train
1040s1132s3005-3s5001-1-121.jpg,1040s1132s3005-3s5001-1,train
1040s1132s3005-3s5001-1-151.jpg,1040s1132s3005-3s5001-1,train
1040s1132s3005-3s5001-1-16.jpg,1040s1132s3005-3s5001-1,train
1040s1132s3005-3s5001-1-166.jpg,1040s1132s3005-3s5001-1,train
1040s1132s3005-3s5001-1-181.jpg,1040s1132s3005-3s5001-1,train
1040s1132s3005-3s5001-1-196.jpg,1040s1132s3005-3s5001-1,train
1040s1132s3005-3s5001-1-211.jpg,1040s1132s3005-3s5001-1,train
1040s1132s3005-3s5001-1-241.jpg,1040s1132s3005-3s5001-1,train
1040s1132s3005-3s5001-1-271.jpg,1040s1132s3005-3s5001-1,train
1040s1132s3005-3s5001-1-286.jpg,1040s1132s3005-3s5001-1,train
1040s1132s3005-3s5001-1-301.jpg,1040s1132s3005-3s5001-1,train
1040s1132s3005-3s5001-1-31.jpg,1040s1132s3005-3s5001-1,train
1040s1132s3005-3s5001-1-316.jpg,1040s1132s3005-3s5001-1,train
1040s1132s3005-3s5001-1-331.jpg,1040s1132s3005-3s5001-1,train
1040s1132s3005-3s5001-1-346.jpg,1040s1132s3005-3s5001-1,train
1040s1132s3005-3s5001-1-361.jpg,1040s1132s3005-3s5001-1,train
1040s1132s3005-3s5001-1-376.jpg,1040s1132s3005-3s5001-1,train
1040s1132s3005-3s5001-1-391.jpg,1040s1132s3005-3s5001-1,train
1040s1132s3005-3s5001-1-406.jpg,1040s1132s3005-3s5001-1,train
1040s1132s3005-3s5001-1-421.jpg,1040s1132s3005-3s5001-1,train
1040s1132s3005-3s5001-1-436.jpg,1040s1132s3005-3s5001-1,train
1040s1132s3005-3s5001-1-451.jpg,1040s1132s3005-3s5001-1,train
1040s1132s3005-3s5001-1-46.jpg,1040s1132s3005-3s5001-1,train
1040s1132s3005-3s5001-1-466.jpg,1040s1132s3005-3s5001-1,train
1040s1132s3005-3s5001-1-481.jpg,1040s1132s3005-3s5001-1,train
1040s1132s3005-3s5001-1-496.jpg,1040s1132s3005-3s5001-1,train
1040s1132s3005-3s5001-1-526.jpg,1040s1132s3005-3s5001-1,train
1040s1132s3005-3s5001-1-541.jpg,1040s1132s3005-3s5001-1,train
1040s1132s3005-3s5001-1-556.jpg,1040s1132s3005-3s5001-1,train
1040s1132s3005-3s5001-1-571.jpg,1040s1132s3005-3s5001-1,train
1040s1132s3005-3s5001-1-586.jpg,1040s1132s3005-3s5001-1,train
1040s1132s3005-3s5001-1-601.jpg,1040s1132s3005-3s5001-1,train
1040s1132s3005-3s5001-1-61.jpg,1040s1132s3005-3s5001-1,train
1040s1132s3005-3s5001-1-616.jpg,1040s1132s3005-3s5001-1,train
1040s1132s3005-3s5001-1-631.jpg,1040s1132s3005-3s5001-1,train
1040s1132s3005-3s5001-1-646.jpg,1040s1132s3005-3s5001-1,train
1040s1132s3005-3s5001-1-661.jpg,1040s1132s3005-3s5001-1,train
1040s1132s3005-3s5001-1-676.jpg,1040s1132s3005-3s5001-1,train
1040s1132s3005-3s5001-1-691.jpg,1040s1132s3005-3s5001-1,train
1040s1132s3005-3s5001-1-706.jpg,1040s1132s3005-3s5001-1,train
1040s1132s3005-3s5001-1-721.jpg,1040s1132s3005-3s5001-1,train
1040s1132s3005-3s5001-1-736.jpg,1040s1132s3005-3s5001-1,train
1040s1132s3005-3s5001-1-751.jpg,1040s1132s3005-3s5001-1,train
1040s1132s3005-3s5001-1-76.jpg,1040s1132s3005-3s5001-1,train
1040s1132s3005-3s5001-1-91.jpg,1040s1132s3005-3s5001-1,train
1040s1132s3005-3s5001-2-1.jpg,1040s1132s3005-3s5001-2,train
1040s1132s3005-3s5001-2-106.jpg,1040s1132s3005-3s5001-2,train
1040s1132s3005-3s5001-2-166.jpg,1040s1132s3005-3s5001-2,train
1040s1132s3005-3s5001-2-181.jpg,1040s1132s3005-3s5001-2,train
1040s1132s3005-3s5001-2-196.jpg,1040s1132s3005-3s5001-2,train
1040s1132s3005-3s5001-2-211.jpg,1040s1132s3005-3s5001-2,train
1040s1132s3005-3s5001-2-226.jpg,1040s1132s3005-3s5001-2,train
1040s1132s3005-3s5001-2-271.jpg,1040s1132s3005-3s5001-2,train
1040s1132s3005-3s5001-2-286.jpg,1040s1132s3005-3s5001-2,train
1040s1132s3005-3s5001-2-301.jpg,1040s1132s3005-3s5001-2,train
1040s1132s3005-3s5001-2-31.jpg,1040s1132s3005-3s5001-2,train
1040s1132s3005-3s5001-2-316.jpg,1040s1132s3005-3s5001-2,train
1040s1132s3005-3s5001-2-331.jpg,1040s1132s3005-3s5001-2,train
1040s1132s3005-3s5001-2-346.jpg,1040s1132s3005-3s5001-2,train
1040s1132s3005-3s5001-2-376.jpg,1040s1132s3005-3s5001-2,train
1040s1132s3005-3s5001-2-391.jpg,1040s1132s3005-3s5001-2,train
1040s1132s3005-3s5001-2-406.jpg,1040s1132s3005-3s5001-2,train
1040s1132s3005-3s5001-2-421.jpg,1040s1132s3005-3s5001-2,train
1040s1132s3005-3s5001-2-436.jpg,1040s1132s3005-3s5001-2,train
1040s1132s3005-3s5001-2-46.jpg,1040s1132s3005-3s5001-2,train
1040s1132s3005-3s5001-2-466.jpg,1040s1132s3005-3s5001-2,train
1040s1132s3005-3s5001-2-481.jpg,1040s1132s3005-3s5001-2,train
1040s1132s3005-3s5001-2-496.jpg,1040s1132s3005-3s5001-2,train
1040s1132s3005-3s5001-2-511.jpg,1040s1132s3005-3s5001-2,train
1040s1132s3005-3s5001-2-526.jpg,1040s1132s3005-3s5001-2,train
1040s1132s3005-3s5001-2-541.jpg,1040s1132s3005-3s5001-2,train
1040s1132s3005-3s5001-2-556.jpg,1040s1132s3005-3s5001-2,train
1040s1132s3005-3s5001-2-586.jpg,1040s1132s3005-3s5001-2,train
1040s1132s3005-3s5001-2-601.jpg,1040s1132s3005-3s5001-2,train
1040s1132s3005-3s5001-2-61.jpg,1040s1132s3005-3s5001-2,train
1040s1132s3005-3s5001-2-631.jpg,1040s1132s3005-3s5001-2,train
1040s1132s3005-3s5001-2-661.jpg,1040s1132s3005-3s5001-2,train
1040s1132s3005-3s5001-2-676.jpg,1040s1132s3005-3s5001-2,train
1040s1132s3005-3s5001-2-691.jpg,1040s1132s3005-3s5001-2,train
1040s1132s3005-3s5001-2-706.jpg,1040s1132s3005-3s5001-2,train
1040s1132s3005-3s5001-2-721.jpg,1040s1132s3005-3s5001-2,train
1040s1132s3005-3s5001-2-751.jpg,1040s1132s3005-3s5001-2,train
1040s1132s3005-3s5001-2-76.jpg,1040s1132s3005-3s5001-2,train
1040s1132s3005-3s5001-2-766.jpg,1040s1132s3005-3s5001-2,train
1040s1132s3005-3s5001-2-781.jpg,1040s1132s3005-3s5001-2,train
1040s1132s3005-3s5001-2-796.jpg,1040s1132s3005-3s5001-2,train
1040s1132s3005-3s5001-2-841.jpg,1040s1132s3005-3s5001-2,train
1040s1132s3005-3s5001-2-856.jpg,1040s1132s3005-3s5001-2,train
1040s1132s3005-3s5001-2-886.jpg,1040s1132s3005-3s5001-2,train
1040s1132s3005-3s5001-2-91.jpg,1040s1132s3005-3s5001-2,train
1040s1132s3005-3s5301-1-106.jpg,1040s1132s3005-3s5301-1,train
1040s1132s3005-3s5301-1-121.jpg,1040s1132s3005-3s5301-1,train
1040s1132s3005-3s5301-1-136.jpg,1040s1132s3005-3s5301-1,train
1040s1132s3005-3s5301-1-151.jpg,1040s1132s3005-3s5301-1,train
1040s1132s3005-3s5301-1-16.jpg,1040s1132s3005-3s5301-1,train
1040s1132s3005-3s5301-1-166.jpg,1040s1132s3005-3s5301-1,train
1040s1132s3005-3s5301-1-211.jpg,1040s1132s3005-3s5301-1,train
1040s1132s3005-3s5301-1-226.jpg,1040s1132s3005-3s5301-1,train
1040s1132s3005-3s5301-1-241.jpg,1040s1132s3005-3s5301-1,train
1040s1132s3005-3s5301-1-286.jpg,1040s1132s3005-3s5301-1,train
1040s1132s3005-3s5301-1-316.jpg,1040s1132s3005-3s5301-1,train
1040s1132s3005-3s5301-1-346.jpg,1040s1132s3005-3s5301-1,train
1040s1132s3005-3s5301-1-361.jpg,1040s1132s3005-3s5301-1,train
1040s1132s3005-3s5301-1-376.jpg,1040s1132s3005-3s5301-1,train
1040s1132s3005-3s5301-1-391.jpg,1040s1132s3005-3s5301-1,train
1040s1132s3005-3s5301-1-406.jpg,1040s1132s3005-3s5301-1,train
1040s1132s3005-3s5301-1-421.jpg,1040s1132s3005-3s5301-1,train
1040s1132s3005-3s5301-1-436.jpg,1040s1132s3005-3s5301-1,train
1040s1132s3005-3s5301-1-451.jpg,1040s1132s3005-3s5301-1,train
1040s1132s3005-3s5301-1-46.jpg,1040s1132s3005-3s5301-1,train
1040s1132s3005-3s5301-1-466.jpg,1040s1132s3005-3s5301-1,train
1040s1132s3005-3s5301-1-481.jpg,1040s1132s3005-3s5301-1,train
1040s1132s3005-3s5301-1-496.jpg,1040s1132s3005-3s5301-1,train
1040s1132s3005-3s5301-1-511.jpg,1040s1132s3005-3s5301-1,train
1040s1132s3005-3s5301-1-526.jpg,1040s1132s3005-3s5301-1,train
1040s1132s3005-3s5301-1-556.jpg,1040s1132s3005-3s5301-1,train
1040s1132s3005-3s5301-1-571.jpg,1040s1132s3005-3s5301-1,train
1040s1132s3005-3s5301-1-586.jpg,1040s1132s3005-3s5301-1,train
1040s1132s3005-3s5301-1-601.jpg,1040s1132s3005-3s5301-1,train
1040s1132s3005-3s5301-1-61.jpg,1040s1132s3005-3s5301-1,train
1040s1132s3005-3s5301-1-616.jpg,1040s1132s3005-3s5301-1,train
1040s1132s3005-3s5301-1-631.jpg,1040s1132s3005-3s5301-1,train
1040s1132s3005-3s5301-1-661.jpg,1040s1132s3005-3s5301-1,train
1040s1132s3005-3s5301-1-676.jpg,1040s1132s3005-3s5301-1,train
1040s1132s3005-3s5301-1-691.jpg,1040s1132s3005-3s5301-1,train
1040s1132s3005-3s5301-1-721.jpg,1040s1132s3005-3s5301-1,train
1040s1132s3005-3s5301-1-736.jpg,1040s1132s3005-3s5301-1,train
1040s1132s3005-3s5301-1-76.jpg,1040s1132s3005-3s5301-1,train
1040s1132s3005-3s5301-1-766.jpg,1040s1132s3005-3s5301-1,train
1040s1132s3005-3s5301-1-796.jpg,1040s1132s3005-3s5301-1,train
1040s1132s3005-3s5301-1-811.jpg,1040s1132s3005-3s5301-1,train
1040s1132s3005-3s5301-1-841.jpg,1040s1132s3005-3s5301-1,train
1040s1132s3005-3s5301-1-856.jpg,1040s1132s3005-3s5301-1,train
1040s1132s3005-3s5301-1-871.jpg,1040s1132s3005-3s5301-1,train
1040s1132s3005-3s5301-1-886.jpg,1040s1132s3005-3s5301-1,train
1040s1132s3005-3s5301-1-901.jpg,1040s1132s3005-3s5301-1,train
1040s1132s3005-3s5301-1-91.jpg,1040s1132s3005-3s5301-1,train
1040s1132s3005-3s5301-2-136.jpg,1040s1132s3005-3s5301-2,train
1040s1132s3005-3s5301-2-151.jpg,1040s1132s3005-3s5301-2,train
1040s1132s3005-3s5301-2-166.jpg,1040s1132s3005-3s5301-2,train
1040s1132s3005-3s5301-2-181.jpg,1040s1132s3005-3s5301-2,train
1040s1132s3005-3s5301-2-196.jpg,1040s1132s3005-3s5301-2,train
1040s1132s3005-3s5301-2-211.jpg,1040s1132s3005-3s5301-2,train
1040s1132s3005-3s5301-2-226.jpg,1040s1132s3005-3s5301-2,train
1040s1132s3005-3s5301-2-241.jpg,1040s1132s3005-3s5301-2,train
1040s1132s3005-3s5301-2-256.jpg,1040s1132s3005-3s5301-2,train
1040s1132s3005-3s5301-2-271.jpg,1040s1132s3005-3s5301-2,train
1040s1132s3005-3s5301-2-286.jpg,1040s1132s3005-3s5301-2,train
1040s1132s3005-3s5301-2-301.jpg,1040s1132s3005-3s5301-2,train
1040s1132s3005-3s5301-2-31.jpg,1040s1132s3005-3s5301-2,train
1040s1132s3005-3s5301-2-331.jpg,1040s1132s3005-3s5301-2,train
1040s1132s3005-3s5301-2-361.jpg,1040s1132s3005-3s5301-2,train
1040s1132s3005-3s5301-2-376.jpg,1040s1132s3005-3s5301-2,train
1040s1132s3005-3s5301-2-391.jpg,1040s1132s3005-3s5301-2,train
1040s1132s3005-3s5301-2-421.jpg,1040s1132s3005-3s5301-2,train
1040s1132s3005-3s5301-2-436.jpg,1040s1132s3005-3s5301-2,train
1040s1132s3005-3s5301-2-451.jpg,1040s1132s3005-3s5301-2,train
1040s1132s3005-3s5301-2-46.jpg,1040s1132s3005-3s5301-2,train
1040s1132s3005-3s5301-2-466.jpg,1040s1132s3005-3s5301-2,train
1040s1132s3005-3s5301-2-481.jpg,1040s1132s3005-3s5301-2,train
1040s1132s3005-3s5301-2-496.jpg,1040s1132s3005-3s5301-2,train
1040s1132s3005-3s5301-2-511.jpg,1040s1132s3005-3s5301-2,train
1040s1132s3005-3s5301-2-526.jpg,1040s1132s3005-3s5301-2,train
1040s1132s3005-3s5301-2-556.jpg,1040s1132s3005-3s5301-2,train
1040s1132s3005-3s5301-2-571.jpg,1040s1132s3005-3s5301-2,train
1040s1132s3005-3s5301-2-586.jpg,1040s1132s3005-3s5301-2,train
1040s1132s3005-3s5301-2-601.jpg,1040s1132s3005-3s5301-2,train
1040s1132s3005-3s5301-2-61.jpg,1040s1132s3005-3s5301-2,train
1040s1132s3005-3s5301-2-616.jpg,1040s1132s3005-3s5301-2,train
1040s1132s3005-3s5301-2-631.jpg,1040s1132s3005-3s5301-2,train
1040s1132s3005-3s5301-2-646.jpg,1040s1132s3005-3s5301-2,train
1040s1132s3005-3s5301-2-661.jpg,1040s1132s3005-3s5301-2,train
1040s1132s3005-3s5301-2-691.jpg,1040s1132s3005-3s5301-2,train
1040s1132s3005-3s5301-2-706.jpg,1040s1132s3005-3s5301-2,train
1040s1132s3005-3s5301-2-721.jpg,1040s1132s3005-3s5301-2,train
1040s1132s3005-3s5301-2-736.jpg,1040s1132s3005-3s5301-2,train
1040s1132s3005-3s5301-2-76.jpg,1040s1132s3005-3s5301-2,train
1040s1132s3005-3s5301-2-91.jpg,1040s1132s3005-3s5301-2,train
1050s1132a1110s3003-3s5001-1-1006.jpg,1050s1132a1110s3003-3s5001-1,train
1050s1132a1110s3003-3s5001-1-1021.jpg,1050s1132a1110s3003-3s5001-1,train
1050s1132a1110s3003-3s5001-1-1036.jpg,1050s1132a1110s3003-3s5001-1,train
1050s1132a1110s3003-3s5001-1-1051.jpg,1050s1132a1110s3003-3s5001-1,train
1050s1132a1110s3003-3s5001-1-106.jpg,1050s1132a1110s3003-3s5001-1,train
1050s1132a1110s3003-3s5001-1-1066.jpg,1050s1132a1110s3003-3s5001-1,train
1050s1132a1110s3003-3s5001-1-1081.jpg,1050s1132a1110s3003-3s5001-1,train
1050s1132a1110s3003-3s5001-1-1111.jpg,1050s1132a1110s3003-3s5001-1,train
1050s1132a1110s3003-3s5001-1-1141.jpg,1050s1132a1110s3003-3s5001-1,train
1050s1132a1110s3003-3s5001-1-1156.jpg,1050s1132a1110s3003-3s5001-1,train
1050s1132a1110s3003-3s5001-1-1171.jpg,1050s1132a1110s3003-3s5001-1,train
1050s1132a1110s3003-3s5001-1-1186.jpg,1050s1132a1110s3003-3s5001-1,train
1050s1132a1110s3003-3s5001-1-121.jpg,1050s1132a1110s3003-3s5001-1,train
1050s1132a1110s3003-3s5001-1-151.jpg,1050s1132a1110s3003-3s5001-1,train
1050s1132a1110s3003-3s5001-1-16.jpg,1050s1132a1110s3003-3s5001-1,train
1050s1132a1110s3003-3s5001-1-166.jpg,1050s1132a1110s3003-3s5001-1,train
1050s1132a1110s3003-3s5001-1-181.jpg,1050s1132a1110s3003-3s5001-1,train
1050s1132a1110s3003-3s5001-1-196.jpg,1050s1132a1110s3003-3s5001-1,train
1050s1132a1110s3003-3s5001-1-211.jpg,1050s1132a1110s3003-3s5001-1,train
1050s1132a1110s3003-3s5001-1-226.jpg,1050s1132a1110s3003-3s5001-1,train
1050s1132a1110s3003-3s5001-1-256.jpg,1050s1132a1110s3003-3s5001-1,train
1050s1132a1110s3003-3s5001-1-271.jpg,1050s1132a1110s3003-3s5001-1,train
1050s1132a1110s3003-3s5001-1-31.jpg,1050s1132a1110s3003-3s5001-1,train
1050s1132a1110s3003-3s5001-1-316.jpg,1050s1132a1110s3003-3s5001-1,train
1050s1132a1110s3003-3s5001-1-331.jpg,1050s1132a1110s3003-3s5001-1,train
1050s1132a1110s3003-3s5001-1-346.jpg,1050s1132a1110s3003-3s5001-1,train
1050s1132a1110s3003-3s5001-1-361.jpg,1050s1132a1110s3003-3s5001-1,train
1050s1132a1110s3003-3s5001-1-376.jpg,1050s1132a1110s3003-3s5001-1,train
1050s1132a1110s3003-3s5001-1-391.jpg,1050s1132a1110s3003-3s5001-1,train
1050s1132a1110s3003-3s5001-1-406.jpg,1050s1132a1110s3003-3s5001-1,train
1050s1132a1110s3003-3s5001-1-421.jpg,1050s1132a1110s3003-3s5001-1,train
1050s1132a1110s3003-3s5001-1-451.jpg,1050s1132a1110s3003-3s5001-1,train
1050s1132a1110s3003-3s5001-1-46.jpg,1050s1132a1110s3003-3s5001-1,train
1050s1132a1110s3003-3s5001-1-466.jpg,1050s1132a1110s3003-3s5001-1,train
1050s1132a1110s3003-3s5001-1-481.jpg,1050s1132a1110s3003-3s5001-1,train
1050s1132a1110s3003-3s5001-1-496.jpg,1050s1132a1110s3003-3s5001-1,train
1050s1132a1110s3003-3s5001-1-511.jpg,1050s1132a1110s3003-3s5001-1,train
1050s1132a1110s3003-3s5001-1-541.jpg,1050s1132a1110s3003-3s5001-1,train
1050s1132a1110s3003-3s5001-1-571.jpg,1050s1132a1110s3003-3s5001-1,train
1050s1132a1110s3003-3s5001-1-586.jpg,1050s1132a1110s3003-3s5001-1,train
1050s1132a1110s3003-3s5001-1-601.jpg,1050s1132a1110s3003-3s5001-1,train
1050s1132a1110s3003-3s5001-1-61.jpg,1050s1132a1110s3003-3s5001-1,train
1050s1132a1110s3003-3s5001-1-616.jpg,1050s1132a1110s3003-3s5001-1,train
1050s1132a1110s3003-3s5001-1-631.jpg,1050s1132a1110s3003-3s5001-1,train
1050s1132a1110s3003-3s5001-1-661.jpg,1050s1132a1110s3003-3s5001-1,train
1050s1132a1110s3003-3s5001-1-676.jpg,1050s1132a1110s3003-3s5001-1,train
1050s1132a1110s3003-3s5001-1-691.jpg,1050s1132a1110s3003-3s5001-1,train
1050s1132a1110s3003-3s5001-1-736.jpg,1050s1132a1110s3003-3s5001-1,train
1050s1132a1110s3003-3s5001-1-76.jpg,1050s1132a1110s3003-3s5001-1,train
1050s1132a1110s3003-3s5001-1-766.jpg,1050s1132a1110s3003-3s5001-1,train
1050s1132a1110s3003-3s5001-1-811.jpg,1050s1132a1110s3003-3s5001-1,train
1050s1132a1110s3003-3s5001-1-826.jpg,1050s1132a1110s3003-3s5001-1,train
1050s1132a1110s3003-3s5001-1-841.jpg,1050s1132a1110s3003-3s5001-1,train
1050s1132a1110s3003-3s5001-1-856.jpg,1050s1132a1110s3003-3s5001-1,train
1050s1132a1110s3003-3s5001-1-871.jpg,1050s1132a1110s3003-3s5001-1,train
1050s1132a1110s3003-3s5001-1-886.jpg,1050s1132a1110s3003-3s5001-1,train
1050s1132a1110s3003-3s5001-1-91.jpg,1050s1132a1110s3003-3s5001-1,train
1050s1132a1110s3003-3s5001-1-931.jpg,1050s1132a1110s3003-3s5001-1,train
1050s1132a1110s3003-3s5001-1-946.jpg,1050s1132a1110s3003-3s5001-1,train
1050s1132a1110s3003-3s5001-1-976.jpg,1050s1132a1110s3003-3s5001-1,train
1050s1132a1110s3003-3s5001-1-991.jpg,1050s1132a1110s3003-3s5001-1,train
1050s1132a1110s3003-3s5001-2-1.jpg,1050s1132a1110s3003-3s5001-2,train
1050s1132a1110s3003-3s5001-2-106.jpg,1050s1132a1110s3003-3s5001-2,train
1050s1132a1110s3003-3s5001-2-121.jpg,1050s1132a1110s3003-3s5001-2,train
1050s1132a1110s3003-3s5001-2-136.jpg,1050s1132a1110s3003-3s5001-2,train
1050s1132a1110s3003-3s5001-2-151.jpg,1050s1132a1110s3003-3s5001-2,train
1050s1132a1110s3003-3s5001-2-16.jpg,1050s1132a1110s3003-3s5001-2,train
1050s1132a1110s3003-3s5001-2-166.jpg,1050s1132a1110s3003-3s5001-2,train
1050s1132a1110s3003-3s5001-2-181.jpg,1050s1132a1110s3003-3s5001-2,train
1050s1132a1110s3003-3s5001-2-196.jpg,1050s1132a1110s3003-3s5001-2,train
1050s1132a1110s3003-3s5001-2-211.jpg,1050s1132a1110s3003-3s5001-2,train
1050s1132a1110s3003-3s5001-2-241.jpg,1050s1132a1110s3003-3s5001-2,train
1050s1132a1110s3003-3s5001-2-256.jpg,1050s1132a1110s3003-3s5001-2,train
1050s1132a1110s3003-3s5001-2-271.jpg,1050s1132a1110s3003-3s5001-2,train
1050s1132a1110s3003-3s5001-2-286.jpg,1050s1132a1110s3003-3s5001-2,train
1050s1132a1110s3003-3s5001-2-301.jpg,1050s1132a1110s3003-3s5001-2,train
1050s1132a1110s3003-3s5001-2-31.jpg,1050s1132a1110s3003-3s5001-2,train
1050s1132a1110s3003-3s5001-2-316.jpg,1050s1132a1110s3003-3s5001-2,train
1050s1132a1110s3003-3s5001-2-331.jpg,1050s1132a1110s3003-3s5001-2,train
1050s1132a1110s3003-3s5001-2-346.jpg,1050s1132a1110s3003-3s5001-2,train
1050s1132a1110s3003-3s5001-2-361.jpg,1050s1132a1110s3003-3s5001-2,train
1050s1132a1110s3003-3s5001-2-376.jpg,1050s1132a1110s3003-3s5001-2,train
1050s1132a1110s3003-3s5001-2-406.jpg,1050s1132a1110s3003-3s5001-2,train
1050s1132a1110s3003-3s5001-2-61.jpg,1050s1132a1110s3003-3s5001-2,train
1050s1132a1110s3003-3s5001-2-76.jpg,1050s1132a1110s3003-3s5001-2,train
1050s1132a1110s3003-3s5001-2-91.jpg,1050s1132a1110s3003-3s5001-2,train
1050s1132a1110s3003-3s5001-3-1.jpg,1050s1132a1110s3003-3s5001-3,train
1050s1132a1110s3003-3s5001-3-106.jpg,1050s1132a1110s3003-3s5001-3,train
1050s1132a1110s3003-3s5001-3-121.jpg,1050s1132a1110s3003-3s5001-3,train
1050s1132a1110s3003-3s5001-3-136.jpg,1050s1132a1110s3003-3s5001-3,train
1050s1132a1110s3003-3s5001-3-151.jpg,1050s1132a1110s3003-3s5001-3,train
1050s1132a1110s3003-3s5001-3-16.jpg,1050s1132a1110s3003-3s5001-3,train
1050s1132a1110s3003-3s5001-3-166.jpg,1050s1132a1110s3003-3s5001-3,train
1050s1132a1110s3003-3s5001-3-181.jpg,1050s1132a1110s3003-3s5001-3,train
1050s1132a1110s3003-3s5001-3-196.jpg,1050s1132a1110s3003-3s5001-3,train
1050s1132a1110s3003-3s5001-3-211.jpg,1050s1132a1110s3003-3s5001-3,train
1050s1132a1110s3003-3s5001-3-31.jpg,1050s1132a1110s3003-3s5001-3,train
1050s1132a1110s3003-3s5001-3-46.jpg,1050s1132a1110s3003-3s5001-3,train
1050s1132a1110s3003-3s5001-3-61.jpg,1050s1132a1110s3003-3s5001-3,train
1050s1132a1110s3003-3s5001-3-76.jpg,1050s1132a1110s3003-3s5001-3,train
1050s1132a1110s3003-3s5001-3-91.jpg,1050s1132a1110s3003-3s5001-3,train
1050s1132a1110s3003-3s5001-4-1.jpg,1050s1132a1110s3003-3s5001-4,train
1050s1132a1110s3003-3s5001-4-106.jpg,1050s1132a1110s3003-3s5001-4,train
1050s1132a1110s3003-3s5001-4-31.jpg,1050s1132a1110s3003-3s5001-4,train
1050s1132a1110s3003-3s5001-4-46.jpg,1050s1132a1110s3003-3s5001-4,train
1050s1132a1110s3003-3s5001-4-61.jpg,1050s1132a1110s3003-3s5001-4,train
1050s1132a1110s3003-3s5001-4-76.jpg,1050s1132a1110s3003-3s5001-4,train
1050s1132a1110s3003-3s5001-4-91.jpg,1050s1132a1110s3003-3s5001-4,train
1050s1132a1110s3003-3s5001-5-1.jpg,1050s1132a1110s3003-3s5001-5,train
1050s1132a1110s3003-3s5001-5-31.jpg,1050s1132a1110s3003-3s5001-5,train
1050s1132a1110s3003-3s5001-5-46.jpg,1050s1132a1110s3003-3s5001-5,train
1050s1132a1110s3003-3s5001-5-76.jpg,1050s1132a1110s3003-3s5001-5,train
1050s1132a1110s3003-5s5001-1-1006.jpg,1050s1132a1110s3003-5s5001-1,train
1050s1132a1110s3003-5s5001-1-1021.jpg,1050s1132a1110s3003-5s5001-1,train
1050s1132a1110s3003-5s5001-1-1051.jpg,1050s1132a1110s3003-5s5001-1,train
1050s1132a1110s3003-5s5001-1-1066.jpg,1050s1132a1110s3003-5s5001-1,train
1050s1132a1110s3003-5s5001-1-1081.jpg,1050s1132a1110s3003-5s5001-1,train
1050s1132a1110s3003-5s5001-1-1126.jpg,1050s1132a1110s3003-5s5001-1,train
1050s1132a1110s3003-5s5001-1-1141.jpg,1050s1132a1110s3003-5s5001-1,train
1050s1132a1110s3003-5s5001-1-1156.jpg,1050s1132a1110s3003-5s5001-1,train
1050s1132a1110s3003-5s5001-1-1171.jpg,1050s1132a1110s3003-5s5001-1,train
1050s1132a1110s3003-5s5001-1-121.jpg,1050s1132a1110s3003-5s5001-1,train
1050s1132a1110s3003-5s5001-1-1216.jpg,1050s1132a1110s3003-5s5001-1,train
1050s1132a1110s3003-5s5001-1-1231.jpg,1050s1132a1110s3003-5s5001-1,train
1050s1132a1110s3003-5s5001-1-1246.jpg,1050s1132a1110s3003-5s5001-1,train
1050s1132a1110s3003-5s5001-1-1261.jpg,1050s1132a1110s3003-5s5001-1,train
1050s1132a1110s3003-5s5001-1-1276.jpg,1050s1132a1110s3003-5s5001-1,train
1050s1132a1110s3003-5s5001-1-1291.jpg,1050s1132a1110s3003-5s5001-1,train
1050s1132a1110s3003-5s5001-1-1306.jpg,1050s1132a1110s3003-5s5001-1,train
1050s1132a1110s3003-5s5001-1-1321.jpg,1050s1132a1110s3003-5s5001-1,train
1050s1132a1110s3003-5s5001-1-136.jpg,1050s1132a1110s3003-5s5001-1,train
1050s1132a1110s3003-5s5001-1-1381.jpg,1050s1132a1110s3003-5s5001-1,train
1050s1132a1110s3003-5s5001-1-1396.jpg,1050s1132a1110s3003-5s5001-1,train
1050s1132a1110s3003-5s5001-1-1426.jpg,1050s1132a1110s3003-5s5001-1,train
1050s1132a1110s3003-5s5001-1-1456.jpg,1050s1132a1110s3003-5s5001-1,train
1050s1132a1110s3003-5s5001-1-1471.jpg,1050s1132a1110s3003-5s5001-1,train
1050s1132a1110s3003-5s5001-1-1486.jpg,1050s1132a1110s3003-5s5001-1,train
1050s1132a1110s3003-5s5001-1-1501.jpg,1050s1132a1110s3003-5s5001-1,train
1050s1132a1110s3003-5s5001-1-151.jpg,1050s1132a1110s3003-5s5001-1,train
1050s1132a1110s3003-5s5001-1-1516.jpg,1050s1132a1110s3003-5s5001-1,train
1050s1132a1110s3003-5s5001-1-1531.jpg,1050s1132a1110s3003-5s5001-1,train
1050s1132a1110s3003-5s5001-1-1546.jpg,1050s1132a1110s3003-5s5001-1,train
1050s1132a1110s3003-5s5001-1-1561.jpg,1050s1132a1110s3003-5s5001-1,train
1050s1132a1110s3003-5s5001-1-1576.jpg,1050s1132a1110s3003-5s5001-1,train
1050s1132a1110s3003-5s5001-1-1591.jpg,1050s1132a1110s3003-5s5001-1,train
1050s1132a1110s3003-5s5001-1-16.jpg,1050s1132a1110s3003-5s5001-1,train
1050s1132a1110s3003-5s5001-1-1606.jpg,1050s1132a1110s3003-5s5001-1,train
1050s1132a1110s3003-5s5001-1-1621.jpg,1050s1132a1110s3003-5s5001-1,train
1050s1132a1110s3003-5s5001-1-1636.jpg,1050s1132a1110s3003-5s5001-1,train
1050s1132a1110s3003-5s5001-1-166.jpg,1050s1132a1110s3003-5s5001-1,train
1050s1132a1110s3003-5s5001-1-1666.jpg,1050s1132a1110s3003-5s5001-1,train
1050s1132a1110s3003-5s5001-1-1681.jpg,1050s1132a1110s3003-5s5001-1,train
1050s1132a1110s3003-5s5001-1-1696.jpg,1050s1132a1110s3003-5s5001-1,train
1050s1132a1110s3003-5s5001-1-1711.jpg,1050s1132a1110s3003-5s5001-1,train
1050s1132a1110s3003-5s5001-1-1726.jpg,1050s1132a1110s3003-5s5001-1,train
1050s1132a1110s3003-5s5001-1-1741.jpg,1050s1132a1110s3003-5s5001-1,train
1050s1132a1110s3003-5s5001-1-1756.jpg,1050s1132a1110s3003-5s5001-1,train
1050s1132a1110s3003-5s5001-1-1786.jpg,1050s1132a1110s3003-5s5001-1,train
1050s1132a1110s3003-5s5001-1-181.jpg,1050s1132a1110s3003-5s5001-1,train
1050s1132a1110s3003-5s5001-1-196.jpg,1050s1132a1110s3003-5s5001-1,train
1050s1132a1110s3003-5s5001-1-211.jpg,1050s1132a1110s3003-5s5001-1,train
1050s1132a1110s3003-5s5001-1-226.jpg,1050s1132a1110s3003-5s5001-1,train
1050s1132a1110s3003-5s5001-1-256.jpg,1050s1132a1110s3003-5s5001-1,train
1050s1132a1110s3003-5s5001-1-271.jpg,1050s1132a1110s3003-5s5001-1,train
1050s1132a1110s3003-5s5001-1-286.jpg,1050s1132a1110s3003-5s5001-1,train
1050s1132a1110s3003-5s5001-1-31.jpg,1050s1132a1110s3003-5s5001-1,train
1050s1132a1110s3003-5s5001-1-316.jpg,1050s1132a1110s3003-5s5001-1,train
1050s1132a1110s3003-5s5001-1-331.jpg,1050s1132a1110s3003-5s5001-1,train
1050s1132a1110s3003-5s5001-1-346.jpg,1050s1132a1110s3003-5s5001-1,train
1050s1132a1110s3003-5s5001-1-361.jpg,1050s1132a1110s3003-5s5001-1,train
1050s1132a1110s3003-5s5001-1-376.jpg,1050s1132a1110s3003-5s5001-1,train
1050s1132a1110s3003-5s5001-1-406.jpg,1050s1132a1110s3003-5s5001-1,train
1050s1132a1110s3003-5s5001-1-421.jpg,1050s1132a1110s3003-5s5001-1,train
1050s1132a1110s3003-5s5001-1-436.jpg,1050s1132a1110s3003-5s5001-1,train
1050s1132a1110s3003-5s5001-1-451.jpg,1050s1132a1110s3003-5s5001-1,train
1050s1132a1110s3003-5s5001-1-481.jpg,1050s1132a1110s3003-5s5001-1,train
1050s1132a1110s3003-5s5001-1-496.jpg,1050s1132a1110s3003-5s5001-1,train
1050s1132a1110s3003-5s5001-1-526.jpg,1050s1132a1110s3003-5s5001-1,train
1050s1132a1110s3003-5s5001-1-541.jpg,1050s1132a1110s3003-5s5001-1,train
1050s1132a1110s3003-5s5001-1-556.jpg,1050s1132a1110s3003-5s5001-1,train
1050s1132a1110s3003-5s5001-1-571.jpg,1050s1132a1110s3003-5s5001-1,train
1050s1132a1110s3003-5s5001-1-601.jpg,1050s1132a1110s3003-5s5001-1,train
1050s1132a1110s3003-5s5001-1-61.jpg,1050s1132a1110s3003-5s5001-1,train
1050s1132a1110s3003-5s5001-1-616.jpg,1050s1132a1110s3003-5s5001-1,train
1050s1132a1110s3003-5s5001-1-631.jpg,1050s1132a1110s3003-5s5001-1,train
1050s1132a1110s3003-5s5001-1-646.jpg,1050s1132a1110s3003-5s5001-1,train
1050s1132a1110s3003-5s5001-1-676.jpg,1050s1132a1110s3003-5s5001-1,train
1050s1132a1110s3003-5s5001-1-706.jpg,1050s1132a1110s3003-5s5001-1,train
1050s1132a1110s3003-5s5001-1-721.jpg,1050s1132a1110s3003-5s5001-1,train
1050s1132a1110s3003-5s5001-1-736.jpg,1050s1132a1110s3003-5s5001-1,train
1050s1132a1110s3003-5s5001-1-751.jpg,1050s1132a1110s3003-5s5001-1,train
1050s1132a1110s3003-5s5001-1-76.jpg,1050s1132a1110s3003-5s5001-1,train
1050s1132a1110s3003-5s5001-1-766.jpg,1050s1132a1110s3003-5s5001-1,train
1050s1132a1110s3003-5s5001-1-781.jpg,1050s1132a1110s3003-5s5001-1,train
1050s1132a1110s3003-5s5001-1-811.jpg,1050s1132a1110s3003-5s5001-1,train
1050s1132a1110s3003-5s5001-1-826.jpg,1050s1132a1110s3003-5s5001-1,train
1050s1132a1110s3003-5s5001-1-841.jpg,1050s1132a1110s3003-5s5001-1,train
1050s1132a1110s3003-5s5001-1-871.jpg,1050s1132a1110s3003-5s5001-1,train
1050s1132a1110s3003-5s5001-1-886.jpg,1050s1132a1110s3003-5s5001-1,train
1050s1132a1110s3003-5s5001-1-901.jpg,1050s1132a1110s3003-5s5001-1,train
1050s1132a1110s3003-5s5001-1-916.jpg,1050s1132a1110s3003-5s5001-1,train
1050s1132a1110s3003-5s5001-1-946.jpg,1050s1132a1110s3003-5s5001-1,train
1050s1132a1110s3003-5s5001-1-961.jpg,1050s1132a1110s3003-5s5001-1,train
1050s1132a1110s3003-5s5001-1-976.jpg,1050s1132a1110s3003-5s5001-1,train
1050s1132a1110s3003-5s5001-1-991.jpg,1050s1132a1110s3003-5s5001-1,train
1050s1132a1110s3003-5s5001-2-1.jpg,1050s1132a1110s3003-5s5001-2,train
1050s1132a1110s3003-5s5001-2-106.jpg,1050s1132a1110s3003-5s5001-2,train
1050s1132a1110s3003-5s5001-2-121.jpg,1050s1132a1110s3003-5s5001-2,train
1050s1132a1110s3003-5s5001-2-136.jpg,1050s1132a1110s3003-5s5001-2,train
1050s1132a1110s3003-5s5001-2-151.jpg,1050s1132a1110s3003-5s5001-2,train
1050s1132a1110s3003-5s5001-2-16.jpg,1050s1132a1110s3003-5s5001-2,train
1050s1132a1110s3003-5s5001-2-166.jpg,1050s1132a1110s3003-5s5001-2,train
1050s1132a1110s3003-5s5001-2-181.jpg,1050s1132a1110s3003-5s5001-2,train
1050s1132a1110s3003-5s5001-2-226.jpg,1050s1132a1110s3003-5s5001-2,train
1050s1132a1110s3003-5s5001-2-241.jpg,1050s1132a1110s3003-5s5001-2,train
1050s1132a1110s3003-5s5001-2-256.jpg,1050s1132a1110s3003-5s5001-2,train
1050s1132a1110s3003-5s5001-2-271.jpg,1050s1132a1110s3003-5s5001-2,train
1050s1132a1110s3003-5s5001-2-286.jpg,1050s1132a1110s3003-5s5001-2,train
1050s1132a1110s3003-5s5001-2-31.jpg,1050s1132a1110s3003-5s5001-2,train
1050s1132a1110s3003-5s5001-2-316.jpg,1050s1132a1110s3003-5s5001-2,train
1050s1132a1110s3003-5s5001-2-331.jpg,1050s1132a1110s3003-5s5001-2,train
1050s1132a1110s3003-5s5001-2-361.jpg,1050s1132a1110s3003-5s5001-2,train
1050s1132a1110s3003-5s5001-2-376.jpg,1050s1132a1110s3003-5s5001-2,train
1050s1132a1110s3003-5s5001-2-391.jpg,1050s1132a1110s3003-5s5001-2,train
1050s1132a1110s3003-5s5001-2-406.jpg,1050s1132a1110s3003-5s5001-2,train
1050s1132a1110s3003-5s5001-2-451.jpg,1050s1132a1110s3003-5s5001-2,train
1050s1132a1110s3003-5s5001-2-46.jpg,1050s1132a1110s3003-5s5001-2,train
1050s1132a1110s3003-5s5001-2-466.jpg,1050s1132a1110s3003-5s5001-2,train
1050s1132a1110s3003-5s5001-2-481.jpg,1050s1132a1110s3003-5s5001-2,train
1050s1132a1110s3003-5s5001-2-496.jpg,1050s1132a1110s3003-5s5001-2,train
1050s1132a1110s3003-5s5001-2-511.jpg,1050s1132a1110s3003-5s5001-2,train
1050s1132a1110s3003-5s5001-2-526.jpg,1050s1132a1110s3003-5s5001-2,train
1050s1132a1110s3003-5s5001-2-541.jpg,1050s1132a1110s3003-5s5001-2,train
1050s1132a1110s3003-5s5001-2-556.jpg,1050s1132a1110s3003-5s5001-2,train
1050s1132a1110s3003-5s5001-2-571.jpg,1050s1132a1110s3003-5s5001-2,train
1050s1132a1110s3003-5s5001-2-586.jpg,1050s1132a1110s3003-5s5001-2,train
1050s1132a1110s3003-5s5001-2-601.jpg,1050s1132a1110s3003-5s5001-2,train
1050s1132a1110s3003-5s5001-2-61.jpg,1050s1132a1110s3003-5s5001-2,train
1050s1132a1110s3003-5s5001-2-631.jpg,1050s1132a1110s3003-5s5001-2,train
1050s1132a1110s3003-5s5001-2-646.jpg,1050s1132a1110s3003-5s5001-2,train
1050s1132a1110s3003-5s5001-2-661.jpg,1050s1132a1110s3003-5s5001-2,train
1050s1132a1110s3003-5s5001-2-691.jpg,1050s1132a1110s3003-5s5001-2,train
1050s1132a1110s3003-5s5001-2-706.jpg,1050s1132a1110s3003-5s5001-2,train
1050s1132a1110s3003-5s5001-2-766.jpg,1050s1132a1110s3003-5s5001-2,train
1050s1132a1110s3003-5s5001-2-781.jpg,1050s1132a1110s3003-5s5001-2,train
1050s1132a1110s3003-5s5001-2-796.jpg,1050s1132a1110s3003-5s5001-2,train
1050s1132a1110s3003-5s5001-2-826.jpg,1050s1132a1110s3003-5s5001-2,train
1050s1132a1110s3003-5s5001-2-841.jpg,1050s1132a1110s3003-5s5001-2,train
1050s1132a1110s3003-5s5001-2-856.jpg,1050s1132a1110s3003-5s5001-2,train
1050s1132a1110s3003-5s5001-2-871.jpg,1050s1132a1110s3003-5s5001-2,train
1050s1132a1110s3003-5s5001-2-886.jpg,1050s1132a1110s3003-5s5001-2,train
1050s1132a1110s3003-5s5001-3-113.jpg,1050s1132a1110s3003-5s5001-3,train
1050s1132a1110s3003-5s5001-3-127.jpg,1050s1132a1110s3003-5s5001-3,train
1050s1132a1110s3003-5s5001-3-141.jpg,1050s1132a1110s3003-5s5001-3,train
1050s1132a1110s3003-5s5001-3-15.jpg,1050s1132a1110s3003-5s5001-3,train
1050s1132a1110s3003-5s5001-3-155.jpg,1050s1132a1110s3003-5s5001-3,train
1050s1132a1110s3003-5s5001-3-169.jpg,1050s1132a1110s3003-5s5001-3,train
1050s1132a1110s3003-5s5001-3-183.jpg,1050s1132a1110s3003-5s5001-3,train
1050s1132a1110s3003-5s5001-3-197.jpg,1050s1132a1110s3003-5s5001-3,train
1050s1132a1110s3003-5s5001-3-211.jpg,1050s1132a1110s3003-5s5001-3,train
1050s1132a1110s3003-5s5001-3-225.jpg,1050s1132a1110s3003-5s5001-3,train
1050s1132a1110s3003-5s5001-3-253.jpg,1050s1132a1110s3003-5s5001-3,train
1050s1132a1110s3003-5s5001-3-267.jpg,1050s1132a1110s3003-5s5001-3,train
1050s1132a1110s3003-5s5001-3-281.jpg,1050s1132a1110s3003-5s5001-3,train
1050s1132a1110s3003-5s5001-3-29.jpg,1050s1132a1110s3003-5s5001-3,train
1050s1132a1110s3003-5s5001-3-295.jpg,1050s1132a1110s3003-5s5001-3,train
1050s1132a1110s3003-5s5001-3-309.jpg,1050s1132a1110s3003-5s5001-3,train
1050s1132a1110s3003-5s5001-3-323.jpg,1050s1132a1110s3003-5s5001-3,train
1050s1132a1110s3003-5s5001-3-337.jpg,1050s1132a1110s3003-5s5001-3,train
1050s1132a1110s3003-5s5001-3-351.jpg,1050s1132a1110s3003-5s5001-3,train
1050s1132a1110s3003-5s5001-3-365.jpg,1050s1132a1110s3003-5s5001-3,train
1050s1132a1110s3003-5s5001-3-379.jpg,1050s1132a1110s3003-5s5001-3,train
1050s1132a1110s3003-5s5001-3-393.jpg,1050s1132a1110s3003-5s5001-3,train
1050s1132a1110s3003-5s5001-3-407.jpg,1050s1132a1110s3003-5s5001-3,train
1050s1132a1110s3003-5s5001-3-449.jpg,1050s1132a1110s3003-5s5001-3,train
1050s1132a1110s3003-5s5001-3-463.jpg,1050s1132a1110s3003-5s5001-3,train
1050s1132a1110s3003-5s5001-3-477.jpg,1050s1132a1110s3003-5s5001-3,train
1050s1132a1110s3003-5s5001-3-57.jpg,1050s1132a1110s3003-5s5001-3,train
1050s1132a1110s3003-5s5001-3-71.jpg,1050s1132a1110s3003-5s5001-3,train
1050s1132a1110s3003-5s5001-3-85.jpg,1050s1132a1110s3003-5s5001-3,train
1050s1132a1110s3003-5s5001-3-99.jpg,1050s1132a1110s3003-5s5001-3,train
1050s1132a1110s3003-5s5001-5-1.jpg,1050s1132a1110s3003-5s5001-5,train
1050s1132a1110s3003-5s5001-5-113.jpg,1050s1132a1110s3003-5s5001-5,train
1050s1132a1110s3003-5s5001-5-141.jpg,1050s1132a1110s3003-5s5001-5,train
1050s1132a1110s3003-5s5001-5-15.jpg,1050s1132a1110s3003-5s5001-5,train
1050s1132a1110s3003-5s5001-5-155.jpg,1050s1132a1110s3003-5s5001-5,train
1050s1132a1110s3003-5s5001-5-183.jpg,1050s1132a1110s3003-5s5001-5,train
1050s1132a1110s3003-5s5001-5-197.jpg,1050s1132a1110s3003-5s5001-5,train
1050s1132a1110s3003-5s5001-5-211.jpg,1050s1132a1110s3003-5s5001-5,train
1050s1132a1110s3003-5s5001-5-239.jpg,1050s1132a1110s3003-5s5001-5,train
1050s1132a1110s3003-5s5001-5-253.jpg,1050s1132a1110s3003-5s5001-5,train
1050s1132a1110s3003-5s5001-5-267.jpg,1050s1132a1110s3003-5s5001-5,train
1050s1132a1110s3003-5s5001-5-281.jpg,1050s1132a1110s3003-5s5001-5,train
1050s1132a1110s3003-5s5001-5-295.jpg,1050s1132a1110s3003-5s5001-5,train
1050s1132a1110s3003-5s5001-5-309.jpg,1050s1132a1110s3003-5s5001-5,train
1050s1132a1110s3003-5s5001-5-323.jpg,1050s1132a1110s3003-5s5001-5,train
1050s1132a1110s3003-5s5001-5-337.jpg,1050s1132a1110s3003-5s5001-5,train
1050s1132a1110s3003-5s5001-5-351.jpg,1050s1132a1110s3003-5s5001-5,train
1050s1132a1110s3003-5s5001-5-365.jpg,1050s1132a1110s3003-5s5001-5,train
1050s1132a1110s3003-5s5001-5-379.jpg,1050s1132a1110s3003-5s5001-5,train
1050s1132a1110s3003-5s5001-5-393.jpg,1050s1132a1110s3003-5s5001-5,train
1050s1132a1110s3003-5s5001-5-407.jpg,1050s1132a1110s3003-5s5001-5,train
1050s1132a1110s3003-5s5001-5-421.jpg,1050s1132a1110s3003-5s5001-5,train
1050s1132a1110s3003-5s5001-5-43.jpg,1050s1132a1110s3003-5s5001-5,train
1050s1132a1110s3003-5s5001-5-435.jpg,1050s1132a1110s3003-5s5001-5,train
1050s1132a1110s3003-5s5001-5-449.jpg,1050s1132a1110s3003-5s5001-5,train
1050s1132a1110s3003-5s5001-5-463.jpg,1050s1132a1110s3003-5s5001-5,train
1050s1132a1110s3003-5s5001-5-491.jpg,1050s1132a1110s3003-5s5001-5,train
1050s1132a1110s3003-5s5001-5-505.jpg,1050s1132a1110s3003-5s5001-5,train
1050s1132a1110s3003-5s5001-5-519.jpg,1050s1132a1110s3003-5s5001-5,train
1050s1132a1110s3003-5s5001-5-533.jpg,1050s1132a1110s3003-5s5001-5,train
1050s1132a1110s3003-5s5001-5-561.jpg,1050s1132a1110s3003-5s5001-5,train
1050s1132a1110s3003-5s5001-5-57.jpg,1050s1132a1110s3003-5s5001-5,train
1050s1132a1110s3003-5s5001-5-575.jpg,1050s1132a1110s3003-5s5001-5,train
1050s1132a1110s3003-5s5001-5-589.jpg,1050s1132a1110s3003-5s5001-5,train
1050s1132a1110s3003-5s5001-5-603.jpg,1050s1132a1110s3003-5s5001-5,train
1050s1132a1110s3003-5s5001-5-617.jpg,1050s1132a1110s3003-5s5001-5,train
1050s1132a1110s3003-5s5001-5-631.jpg,1050s1132a1110s3003-5s5001-5,train
1050s1132a1110s3003-5s5001-5-645.jpg,1050s1132a1110s3003-5s5001-5,train
1050s1132a1110s3003-5s5001-5-659.jpg,1050s1132a1110s3003-5s5001-5,train
1050s1132a1110s3003-5s5001-5-673.jpg,1050s1132a1110s3003-5s5001-5,train
1050s1132a1110s3003-5s5001-5-687.jpg,1050s1132a1110s3003-5s5001-5,train
1050s1132a1110s3003-5s5001-5-71.jpg,1050s1132a1110s3003-5s5001-5,train
1050s1132a1110s3003-5s5001-5-729.jpg,1050s1132a1110s3003-5s5001-5,train
1050s1132a1110s3003-5s5001-5-743.jpg,1050s1132a1110s3003-5s5001-5,train
1050s1132a1110s3003-5s5001-5-757.jpg,1050s1132a1110s3003-5s5001-5,train
1050s1132a1110s3003-5s5001-5-771.jpg,1050s1132a1110s3003-5s5001-5,train
1050s1132a1110s3003-5s5001-5-785.jpg,1050s1132a1110s3003-5s5001-5,train
1050s1132a1110s3003-5s5001-5-799.jpg,1050s1132a1110s3003-5s5001-5,train
1050s1132a1110s3003-5s5001-5-813.jpg,1050s1132a1110s3003-5s5001-5,train
1050s1132a1110s3003-5s5001-5-827.jpg,1050s1132a1110s3003-5s5001-5,train
1050s1132a1110s3003-5s5001-5-841.jpg,1050s1132a1110s3003-5s5001-5,train
1050s1132a1110s3003-5s5001-5-855.jpg,1050s1132a1110s3003-5s5001-5,train
1050s1132a1110s3003-5s5001-5-869.jpg,1050s1132a1110s3003-5s5001-5,train
1050s1132a1110s3003-5s5001-5-883.jpg,1050s1132a1110s3003-5s5001-5,train
1050s1132a1110s3003-5s5001-5-897.jpg,1050s1132a1110s3003-5s5001-5,train
1050s1132a1110s3003-5s5001-5-911.jpg,1050s1132a1110s3003-5s5001-5,train
1050s1132a1110s3003-5s5001-5-925.jpg,1050s1132a1110s3003-5s5001-5,train
1050s1132a1110s3003-5s5001-5-939.jpg,1050s1132a1110s3003-5s5001-5,train
1050s1132a1110s3003-5s5001-5-953.jpg,1050s1132a1110s3003-5s5001-5,train
1050s1132a1110s3003-5s5001-5-99.jpg,1050s1132a1110s3003-5s5001-5,train
1050s1132a1110s3003-5s5001-6-1.jpg,1050s1132a1110s3003-5s5001-6,train
1050s1132a1110s3003-5s5001-6-113.jpg,1050s1132a1110s3003-5s5001-6,train
1050s1132a1110s3003-5s5001-6-127.jpg,1050s1132a1110s3003-5s5001-6,train
1050s1132a1110s3003-5s5001-6-141.jpg,1050s1132a1110s3003-5s5001-6,train
1050s1132a1110s3003-5s5001-6-15.jpg,1050s1132a1110s3003-5s5001-6,train
1050s1132a1110s3003-5s5001-6-183.jpg,1050s1132a1110s3003-5s5001-6,train
1050s1132a1110s3003-5s5001-6-197.jpg,1050s1132a1110s3003-5s5001-6,train
1050s1132a1110s3003-5s5001-6-211.jpg,1050s1132a1110s3003-5s5001-6,train
1050s1132a1110s3003-5s5001-6-239.jpg,1050s1132a1110s3003-5s5001-6,train
1050s1132a1110s3003-5s5001-6-253.jpg,1050s1132a1110s3003-5s5001-6,train
1050s1132a1110s3003-5s5001-6-267.jpg,1050s1132a1110s3003-5s5001-6,train
1050s1132a1110s3003-5s5001-6-281.jpg,1050s1132a1110s3003-5s5001-6,train
1050s1132a1110s3003-5s5001-6-295.jpg,1050s1132a1110s3003-5s5001-6,train
1050s1132a1110s3003-5s5001-6-309.jpg,1050s1132a1110s3003-5s5001-6,train
1050s1132a1110s3003-5s5001-6-323.jpg,1050s1132a1110s3003-5s5001-6,train
1050s1132a1110s3003-5s5001-6-365.jpg,1050s1132a1110s3003-5s5001-6,train
1050s1132a1110s3003-5s5001-6-43.jpg,1050s1132a1110s3003-5s5001-6,train
1050s1132a1110s3003-5s5001-6-57.jpg,1050s1132a1110s3003-5s5001-6,train
1050s1132a1110s3003-5s5001-6-99.jpg,1050s1132a1110s3003-5s5001-6,train
1060s1112s3004-3s5001-1-1.jpg,1060s1112s3004-3s5001-1,train
1060s1112s3004-3s5001-1-106.jpg,1060s1112s3004-3s5001-1,train
1060s1112s3004-3s5001-1-121.jpg,1060s1112s3004-3s5001-1,train
1060s1112s3004-3s5001-1-136.jpg,1060s1112s3004-3s5001-1,train
1060s1112s3004-3s5001-1-151.jpg,1060s1112s3004-3s5001-1,train
1060s1112s3004-3s5001-1-16.jpg,1060s1112s3004-3s5001-1,train
1060s1112s3004-3s5001-1-166.jpg,1060s1112s3004-3s5001-1,train
1060s1112s3004-3s5001-1-181.jpg,1060s1112s3004-3s5001-1,train
1060s1112s3004-3s5001-1-196.jpg,1060s1112s3004-3s5001-1,train
1060s1112s3004-3s5001-1-211.jpg,1060s1112s3004-3s5001-1,train
1060s1112s3004-3s5001-1-256.jpg,1060s1112s3004-3s5001-1,train
1060s1112s3004-3s5001-1-271.jpg,1060s1112s3004-3s5001-1,train
1060s1112s3004-3s5001-1-301.jpg,1060s1112s3004-3s5001-1,train
1060s1112s3004-3s5001-1-31.jpg,1060s1112s3004-3s5001-1,train
1060s1112s3004-3s5001-1-316.jpg,1060s1112s3004-3s5001-1,train
1060s1112s3004-3s5001-1-331.jpg,1060s1112s3004-3s5001-1,train
1060s1112s3004-3s5001-1-346.jpg,1060s1112s3004-3s5001-1,train
1060s1112s3004-3s5001-1-361.jpg,1060s1112s3004-3s5001-1,train
1060s1112s3004-3s5001-1-376.jpg,1060s1112s3004-3s5001-1,train
1060s1112s3004-3s5001-1-391.jpg,1060s1112s3004-3s5001-1,train
1060s1112s3004-3s5001-1-406.jpg,1060s1112s3004-3s5001-1,train
1060s1112s3004-3s5001-1-421.jpg,1060s1112s3004-3s5001-1,train
1060s1112s3004-3s5001-1-436.jpg,1060s1112s3004-3s5001-1,train
1060s1112s3004-3s5001-1-46.jpg,1060s1112s3004-3s5001-1,train
1060s1112s3004-3s5001-1-481.jpg,1060s1112s3004-3s5001-1,train
1060s1112s3004-3s5001-1-511.jpg,1060s1112s3004-3s5001-1,train
1060s1112s3004-3s5001-1-526.jpg,1060s1112s3004-3s5001-1,train
1060s1112s3004-3s5001-1-556.jpg,1060s1112s3004-3s5001-1,train
1060s1112s3004-3s5001-1-571.jpg,1060s1112s3004-3s5001-1,train
1060s1112s3004-3s5001-1-586.jpg,1060s1112s3004-3s5001-1,train
1060s1112s3004-3s5001-1-61.jpg,1060s1112s3004-3s5001-1,train
1060s1112s3004-3s5001-1-76.jpg,1060s1112s3004-3s5001-1,train
1060s1112s3004-3s5001-1-91.jpg,1060s1112s3004-3s5001-1,train
1060s1112s4001-3s5001-1-1.jpg,1060s1112s4001-3s5001-1,train
1060s1112s4001-3s5001-1-106.jpg,1060s1112s4001-3s5001-1,train
1060s1112s4001-3s5001-1-121.jpg,1060s1112s4001-3s5001-1,train
1060s1112s4001-3s5001-1-136.jpg,1060s1112s4001-3s5001-1,train
1060s1112s4001-3s5001-1-16.jpg,1060s1112s4001-3s5001-1,train
1060s1112s4001-3s5001-1-166.jpg,1060s1112s4001-3s5001-1,train
1060s1112s4001-3s5001-1-181.jpg,1060s1112s4001-3s5001-1,train
1060s1112s4001-3s5001-1-196.jpg,1060s1112s4001-3s5001-1,train
1060s1112s4001-3s5001-1-211.jpg,1060s1112s4001-3s5001-1,train
1060s1112s4001-3s5001-1-226.jpg,1060s1112s4001-3s5001-1,train
1060s1112s4001-3s5001-1-241.jpg,1060s1112s4001-3s5001-1,train
1060s1112s4001-3s5001-1-256.jpg,1060s1112s4001-3s5001-1,train
1060s1112s4001-3s5001-1-271.jpg,1060s1112s4001-3s5001-1,train
1060s1112s4001-3s5001-1-286.jpg,1060s1112s4001-3s5001-1,train
1060s1112s4001-3s5001-1-301.jpg,1060s1112s4001-3s5001-1,train
1060s1112s4001-3s5001-1-31.jpg,1060s1112s4001-3s5001-1,train
1060s1112s4001-3s5001-1-331.jpg,1060s1112s4001-3s5001-1,train
1060s1112s4001-3s5001-1-346.jpg,1060s1112s4001-3s5001-1,train
1060s1112s4001-3s5001-1-361.jpg,1060s1112s4001-3s5001-1,train
1060s1112s4001-3s5001-1-391.jpg,1060s1112s4001-3s5001-1,train
1060s1112s4001-3s5001-1-406.jpg,1060s1112s4001-3s5001-1,train
1060s1112s4001-3s5001-1-421.jpg,1060s1112s4001-3s5001-1,train
1060s1112s4001-3s5001-1-436.jpg,1060s1112s4001-3s5001-1,train
1060s1112s4001-3s5001-1-46.jpg,1060s1112s4001-3s5001-1,train
1060s1112s4001-3s5001-1-61.jpg,1060s1112s4001-3s5001-1,train
1060s1112s4001-3s5001-1-76.jpg,1060s1112s4001-3s5001-1,train
1060s1112s4001-3s5001-1-91.jpg,1060s1112s4001-3s5001-1,train
1060s1112s4001-3s5300-1-1.jpg,1060s1112s4001-3s5300-1,train
1060s1112s4001-3s5300-1-1021.jpg,1060s1112s4001-3s5300-1,train
1060s1112s4001-3s5300-1-1036.jpg,1060s1112s4001-3s5300-1,train
1060s1112s4001-3s5300-1-1051.jpg,1060s1112s4001-3s5300-1,train
1060s1112s4001-3s5300-1-106.jpg,1060s1112s4001-3s5300-1,train
1060s1112s4001-3s5300-1-1081.jpg,1060s1112s4001-3s5300-1,train
1060s1112s4001-3s5300-1-1096.jpg,1060s1112s4001-3s5300-1,train
1060s1112s4001-3s5300-1-1126.jpg,1060s1112s4001-3s5300-1,train
1060s1112s4001-3s5300-1-1141.jpg,1060s1112s4001-3s5300-1,train
1060s1112s4001-3s5300-1-1156.jpg,1060s1112s4001-3s5300-1,train
1060s1112s4001-3s5300-1-1171.jpg,1060s1112s4001-3s5300-1,train
1060s1112s4001-3s5300-1-1186.jpg,1060s1112s4001-3s5300-1,train
1060s1112s4001-3s5300-1-121.jpg,1060s1112s4001-3s5300-1,train
1060s1112s4001-3s5300-1-136.jpg,1060s1112s4001-3s5300-1,train
1060s1112s4001-3s5300-1-151.jpg,1060s1112s4001-3s5300-1,train
1060s1112s4001-3s5300-1-16.jpg,1060s1112s4001-3s5300-1,train
1060s1112s4001-3s5300-1-196.jpg,1060s1112s4001-3s5300-1,train
1060s1112s4001-3s5300-1-211.jpg,1060s1112s4001-3s5300-1,train
1060s1112s4001-3s5300-1-241.jpg,1060s1112s4001-3s5300-1,train
1060s1112s4001-3s5300-1-256.jpg,1060s1112s4001-3s5300-1,train
1060s1112s4001-3s5300-1-271.jpg,1060s1112s4001-3s5300-1,train
1060s1112s4001-3s5300-1-286.jpg,1060s1112s4001-3s5300-1,train
1060s1112s4001-3s5300-1-301.jpg,1060s1112s4001-3s5300-1,train
1060s1112s4001-3s5300-1-31.jpg,1060s1112s4001-3s5300-1,train
1060s1112s4001-3s5300-1-316.jpg,1060s1112s4001-3s5300-1,train
1060s1112s4001-3s5300-1-376.jpg,1060s1112s4001-3s5300-1,train
1060s1112s4001-3s5300-1-391.jpg,1060s1112s4001-3s5300-1,train
1060s1112s4001-3s5300-1-421.jpg,1060s1112s4001-3s5300-1,train
1060s1112s4001-3s5300-1-436.jpg,1060s1112s4001-3s5300-1,train
1060s1112s4001-3s5300-1-451.jpg,1060s1112s4001-3s5300-1,train
1060s1112s4001-3s5300-1-46.jpg,1060s1112s4001-3s5300-1,train
1060s1112s4001-3s5300-1-466.jpg,1060s1112s4001-3s5300-1,train
1060s1112s4001-3s5300-1-481.jpg,1060s1112s4001-3s5300-1,train
1060s1112s4001-3s5300-1-496.jpg,1060s1112s4001-3s5300-1,train
1060s1112s4001-3s5300-1-511.jpg,1060s1112s4001-3s5300-1,train
1060s1112s4001-3s5300-1-526.jpg,1060s1112s4001-3s5300-1,train
1060s1112s4001-3s5300-1-541.jpg,1060s1112s4001-3s5300-1,train
1060s1112s4001-3s5300-1-556.jpg,1060s1112s4001-3s5300-1,train
1060s1112s4001-3s5300-1-571.jpg,1060s1112s4001-3s5300-1,train
1060s1112s4001-3s5300-1-586.jpg,1060s1112s4001-3s5300-1,train
1060s1112s4001-3s5300-1-61.jpg,1060s1112s4001-3s5300-1,train
1060s1112s4001-3s5300-1-616.jpg,1060s1112s4001-3s5300-1,train
1060s1112s4001-3s5300-1-631.jpg,1060s1112s4001-3s5300-1,train
1060s1112s4001-3s5300-1-691.jpg,1060s1112s4001-3s5300-1,train
1060s1112s4001-3s5300-1-721.jpg,1060s1112s4001-3s5300-1,train
1060s1112s4001-3s5300-1-76.jpg,1060s1112s4001-3s5300-1,train
1060s1112s4001-3s5300-1-766.jpg,1060s1112s4001-3s5300-1,train
1060s1112s4001-3s5300-1-796.jpg,1060s1112s4001-3s5300-1,train
1060s1112s4001-3s5300-1-811.jpg,1060s1112s4001-3s5300-1,train
1060s1112s4001-3s5300-1-826.jpg,1060s1112s4001-3s5300-1,train
1060s1112s4001-3s5300-1-841.jpg,1060s1112s4001-3s5300-1,train
1060s1112s4001-3s5300-1-856.jpg,1060s1112s4001-3s5300-1,train
1060s1112s4001-3s5300-1-871.jpg,1060s1112s4001-3s5300-1,train
1060s1112s4001-3s5300-1-886.jpg,1060s1112s4001-3s5300-1,train
1060s1112s4001-3s5300-1-901.jpg,1060s1112s4001-3s5300-1,train
1060s1112s4001-3s5300-1-91.jpg,1060s1112s4001-3s5300-1,train
1060s1112s4001-3s5300-1-916.jpg,1060s1112s4001-3s5300-1,train
1060s1112s4001-3s5300-1-931.jpg,1060s1112s4001-3s5300-1,train
1060s1112s4001-3s5300-1-946.jpg,1060s1112s4001-3s5300-1,train
1060s1112s4001-3s5300-1-961.jpg,1060s1112s4001-3s5300-1,train
1060s1112s4001-3s5300-1-976.jpg,1060s1112s4001-3s5300-1,train
1060s1112s4001-3s5300-1-991.jpg,1060s1112s4001-3s5300-1,train
1020s1120s2003-2s5303-1-1.jpg,1020s1120s2003-2s5303-1,val
1020s1120s2003-2s5303-1-106.jpg,1020s1120s2003-2s5303-1,val
1020s1120s2003-2s5303-1-121.jpg,1020s1120s2003-2s5303-1,val
1020s1120s2003-2s5303-1-136.jpg,1020s1120s2003-2s5303-1,val
1020s1120s2003-2s5303-1-151.jpg,1020s1120s2003-2s5303-1,val
1020s1120s2003-2s5303-1-16.jpg,1020s1120s2003-2s5303-1,val
1020s1120s2003-2s5303-1-166.jpg,1020s1120s2003-2s5303-1,val
1020s1120s2003-2s5303-1-181.jpg,1020s1120s2003-2s5303-1,val
1020s1120s2003-2s5303-1-196.jpg,1020s1120s2003-2s5303-1,val
1020s1120s2003-2s5303-1-226.jpg,1020s1120s2003-2s5303-1,val
1020s1120s2003-2s5303-1-241.jpg,1020s1120s2003-2s5303-1,val
1020s1120s2003-2s5303-1-256.jpg,1020s1120s2003-2s5303-1,val
1020s1120s2003-2s5303-1-286.jpg,1020s1120s2003-2s5303-1,val
1020s1120s2003-2s5303-1-316.jpg,1020s1120s2003-2s5303-1,val
1020s1120s2003-2s5303-1-346.jpg,1020s1120s2003-2s5303-1,val
1020s1120s2003-2s5303-1-361.jpg,1020s1120s2003-2s5303-1,val
1020s1120s2003-2s5303-1-376.jpg,1020s1120s2003-2s5303-1,val
1020s1120s2003-2s5303-1-391.jpg,1020s1120s2003-2s5303-1,val
1020s1120s2003-2s5303-1-406.jpg,1020s1120s2003-2s5303-1,val
1020s1120s2003-2s5303-1-421.jpg,1020s1120s2003-2s5303-1,val
1020s1120s2003-2s5303-1-436.jpg,1020s1120s2003-2s5303-1,val
1020s1120s2003-2s5303-1-451.jpg,1020s1120s2003-2s5303-1,val
1020s1120s2003-2s5303-1-46.jpg,1020s1120s2003-2s5303-1,val
1020s1120s2003-2s5303-1-466.jpg,1020s1120s2003-2s5303-1,val
1020s1120s2003-2s5303-1-481.jpg,1020s1120s2003-2s5303-1,val
1020s1120s2003-2s5303-1-496.jpg,1020s1120s2003-2s5303-1,val
1020s1120s2003-2s5303-1-511.jpg,1020s1120s2003-2s5303-1,val
1020s1120s2003-2s5303-1-541.jpg,1020s1120s2003-2s5303-1,val
1020s1120s2003-2s5303-1-571.jpg,1020s1120s2003-2s5303-1,val
1020s1120s2003-2s5303-1-586.jpg,1020s1120s2003-2s5303-1,val
1020s1120s2003-2s5303-1-601.jpg,1020s1120s2003-2s5303-1,val
1020s1120s2003-2s5303-1-61.jpg,1020s1120s2003-2s5303-1,val
1020s1120s2003-2s5303-1-616.jpg,1020s1120s2003-2s5303-1,val
1020s1120s2003-2s5303-1-646.jpg,1020s1120s2003-2s5303-1,val
1020s1120s2003-2s5303-1-661.jpg,1020s1120s2003-2s5303-1,val
1020s1120s2003-2s5303-1-676.jpg,1020s1120s2003-2s5303-1,val
1020s1120s2003-2s5303-1-706.jpg,1020s1120s2003-2s5303-1,val
1020s1120s2003-2s5303-1-736.jpg,1020s1120s2003-2s5303-1,val
1020s1120s2003-2s5303-1-76.jpg,1020s1120s2003-2s5303-1,val
1020s1120s2003-2s5303-1-766.jpg,1020s1120s2003-2s5303-1,val
1020s1120s2003-2s5303-1-781.jpg,1020s1120s2003-2s5303-1,val
1020s1120s2003-2s5303-1-796.jpg,1020s1120s2003-2s5303-1,val
1020s1120s2003-2s5303-1-811.jpg,1020s1120s2003-2s5303-1,val
1020s1120s2003-2s5303-1-841.jpg,1020s1120s2003-2s5303-1,val
1020s1120s2003-2s5303-1-856.jpg,1020s1120s2003-2s5303-1,val
1020s1120s2003-2s5303-1-871.jpg,1020s1120s2003-2s5303-1,val
1020s1120s2003-2s5303-1-886.jpg,1020s1120s2003-2s5303-1,val
1020s1120s2003-2s5303-1-91.jpg,1020s1120s2003-2s5303-1,val
1020s1121s2003-1s5001-1-1.jpg,1020s1121s2003-1s5001-1,val
1020s1121s2003-1s5001-1-1006.jpg,1020s1121s2003-1s5001-1,val
1020s1121s2003-1s5001-1-1021.jpg,1020s1121s2003-1s5001-1,val
1020s1121s2003-1s5001-1-1036.jpg,1020s1121s2003-1s5001-1,val
1020s1121s2003-1s5001-1-1051.jpg,1020s1121s2003-1s5001-1,val
1020s1121s2003-1s5001-1-106.jpg,1020s1121s2003-1s5001-1,val
1020s1121s2003-1s5001-1-1066.jpg,1020s1121s2003-1s5001-1,val
1020s1121s2003-1s5001-1-1081.jpg,1020s1121s2003-1s5001-1,val
1020s1121s2003-1s5001-1-1096.jpg,1020s1121s2003-1s5001-1,val
1020s1121s2003-1s5001-1-1111.jpg,1020s1121s2003-1s5001-1,val
1020s1121s2003-1s5001-1-1126.jpg,1020s1121s2003-1s5001-1,val
1020s1121s2003-1s5001-1-1141.jpg,1020s1121s2003-1s5001-1,val
1020s1121s2003-1s5001-1-1156.jpg,1020s1121s2003-1s5001-1,val
1020s1121s2003-1s5001-1-1171.jpg,1020s1121s2003-1s5001-1,val
1020s1121s2003-1s5001-1-1186.jpg,1020s1121s2003-1s5001-1,val
1020s1121s2003-1s5001-1-121.jpg,1020s1121s2003-1s5001-1,val
1020s1121s2003-1s5001-1-136.jpg,1020s1121s2003-1s5001-1,val
1020s1121s2003-1s5001-1-151.jpg,1020s1121s2003-1s5001-1,val
1020s1121s2003-1s5001-1-16.jpg,1020s1121s2003-1s5001-1,val
1020s1121s2003-1s5001-1-166.jpg,1020s1121s2003-1s5001-1,val
1020s1121s2003-1s5001-1-181.jpg,1020s1121s2003-1s5001-1,val
1020s1121s2003-1s5001-1-196.jpg,1020s1121s2003-1s5001-1,val
1020s1121s2003-1s5001-1-226.jpg,1020s1121s2003-1s5001-1,val
1020s1121s2003-1s5001-1-241.jpg,1020s1121s2003-1s5001-1,val
1020s1121s2003-1s5001-1-256.jpg,1020s1121s2003-1s5001-1,val
1020s1121s2003-1s5001-1-286.jpg,1020s1121s2003-1s5001-1,val
1020s1121s2003-1s5001-1-301.jpg,1020s1121s2003-1s5001-1,val
1020s1121s2003-1s5001-1-31.jpg,1020s1121s2003-1s5001-1,val
1020s1121s2003-1s5001-1-316.jpg,1020s1121s2003-1s5001-1,val
1020s1121s2003-1s5001-1-331.jpg,1020s1121s2003-1s5001-1,val
1020s1121s2003-1s5001-1-346.jpg,1020s1121s2003-1s5001-1,val
1020s1121s2003-1s5001-1-361.jpg,1020s1121s2003-1s5001-1,val
1020s1121s2003-1s5001-1-421.jpg,1020s1121s2003-1s5001-1,val
1020s1121s2003-1s5001-1-436.jpg,1020s1121s2003-1s5001-1,val
1020s1121s2003-1s5001-1-451.jpg,1020s1121s2003-1s5001-1,val
1020s1121s2003-1s5001-1-46.jpg,1020s1121s2003-1s5001-1,val
1020s1121s2003-1s5001-1-466.jpg,1020s1121s2003-1s5001-1,val
1020s1121s2003-1s5001-1-481.jpg,1020s1121s2003-1s5001-1,val
1020s1121s2003-1s5001-1-511.jpg,1020s1121s2003-1s5001-1,val
1020s1121s2003-1s5001-1-526.jpg,1020s1121s2003-1s5001-1,val
1020s1121s2003-1s5001-1-556.jpg,1020s1121s2003-1s5001-1,val
1020s1121s2003-1s5001-1-571.jpg,1020s1121s2003-1s5001-1,val
1020s1121s2003-1s5001-1-586.jpg,1020s1121s2003-1s5001-1,val
1020s1121s2003-1s5001-1-601.jpg,1020s1121s2003-1s5001-1,val
1020s1121s2003-1s5001-1-61.jpg,1020s1121s2003-1s5001-1,val
1020s1121s2003-1s5001-1-631.jpg,1020s1121s2003-1s5001-1,val
1020s1121s2003-1s5001-1-661.jpg,1020s1121s2003-1s5001-1,val
1020s1121s2003-1s5001-1-676.jpg,1020s1121s2003-1s5001-1,val
1020s1121s2003-1s5001-1-691.jpg,1020s1121s2003-1s5001-1,val
1020s1121s2003-1s5001-1-706.jpg,1020s1121s2003-1s5001-1,val
1020s1121s2003-1s5001-1-736.jpg,1020s1121s2003-1s5001-1,val
1020s1121s2003-1s5001-1-751.jpg,1020s1121s2003-1s5001-1,val
1020s1121s2003-1s5001-1-766.jpg,1020s1121s2003-1s5001-1,val
1020s1121s2003-1s5001-1-781.jpg,1020s1121s2003-1s5001-1,val
1020s1121s2003-1s5001-1-796.jpg,1020s1121s2003-1s5001-1,val
1020s1121s2003-1s5001-1-826.jpg,1020s1121s2003-1s5001-1,val
1020s1121s2003-1s5001-1-841.jpg,1020s1121s2003-1s5001-1,val
1020s1121s2003-1s5001-1-871.jpg,1020s1121s2003-1s5001-1,val
1020s1121s2003-1s5001-1-886.jpg,1020s1121s2003-1s5001-1,val
1020s1121s2003-1s5001-1-901.jpg,1020s1121s2003-1s5001-1,val
1020s1121s2003-1s5001-1-91.jpg,1020s1121s2003-1s5001-1,val
1020s1121s2003-1s5001-1-916.jpg,1020s1121s2003-1s5001-1,val
1020s1121s2003-1s5001-1-931.jpg,1020s1121s2003-1s5001-1,val
1020s1121s2003-1s5001-1-946.jpg,1020s1121s2003-1s5001-1,val
1020s1121s2003-1s5001-1-976.jpg,1020s1121s2003-1s5001-1,val
1050s1132a1110s3003-5s5001-4-1.jpg,1050s1132a1110s3003-5s5001-4,val
1050s1132a1110s3003-5s5001-4-113.jpg,1050s1132a1110s3003-5s5001-4,val
1050s1132a1110s3003-5s5001-4-127.jpg,1050s1132a1110s3003-5s5001-4,val
1050s1132a1110s3003-5s5001-4-141.jpg,1050s1132a1110s3003-5s5001-4,val
1050s1132a1110s3003-5s5001-4-15.jpg,1050s1132a1110s3003-5s5001-4,val
1050s1132a1110s3003-5s5001-4-155.jpg,1050s1132a1110s3003-5s5001-4,val
1050s1132a1110s3003-5s5001-4-169.jpg,1050s1132a1110s3003-5s5001-4,val
1050s1132a1110s3003-5s5001-4-197.jpg,1050s1132a1110s3003-5s5001-4,val
1050s1132a1110s3003-5s5001-4-211.jpg,1050s1132a1110s3003-5s5001-4,val
1050s1132a1110s3003-5s5001-4-225.jpg,1050s1132a1110s3003-5s5001-4,val
1050s1132a1110s3003-5s5001-4-239.jpg,1050s1132a1110s3003-5s5001-4,val
1050s1132a1110s3003-5s5001-4-253.jpg,1050s1132a1110s3003-5s5001-4,val
1050s1132a1110s3003-5s5001-4-267.jpg,1050s1132a1110s3003-5s5001-4,val
1050s1132a1110s3003-5s5001-4-281.jpg,1050s1132a1110s3003-5s5001-4,val
1050s1132a1110s3003-5s5001-4-29.jpg,1050s1132a1110s3003-5s5001-4,val
1050s1132a1110s3003-5s5001-4-295.jpg,1050s1132a1110s3003-5s5001-4,val
1050s1132a1110s3003-5s5001-4-309.jpg,1050s1132a1110s3003-5s5001-4,val
1050s1132a1110s3003-5s5001-4-323.jpg,1050s1132a1110s3003-5s5001-4,val
1050s1132a1110s3003-5s5001-4-337.jpg,1050s1132a1110s3003-5s5001-4,val
1050s1132a1110s3003-5s5001-4-365.jpg,1050s1132a1110s3003-5s5001-4,val
1050s1132a1110s3003-5s5001-4-379.jpg,1050s1132a1110s3003-5s5001-4,val
1050s1132a1110s3003-5s5001-4-393.jpg,1050s1132a1110s3003-5s5001-4,val
1050s1132a1110s3003-5s5001-4-407.jpg,1050s1132a1110s3003-5s5001-4,val
1050s1132a1110s3003-5s5001-4-43.jpg,1050s1132a1110s3003-5s5001-4,val
1050s1132a1110s3003-5s5001-4-435.jpg,1050s1132a1110s3003-5s5001-4,val
1050s1132a1110s3003-5s5001-4-449.jpg,1050s1132a1110s3003-5s5001-4,val
1050s1132a1110s3003-5s5001-4-463.jpg,1050s1132a1110s3003-5s5001-4,val
1050s1132a1110s3003-5s5001-4-477.jpg,1050s1132a1110s3003-5s5001-4,val
1050s1132a1110s3003-5s5001-4-491.jpg,1050s1132a1110s3003-5s5001-4,val
1050s1132a1110s3003-5s5001-4-505.jpg,1050s1132a1110s3003-5s5001-4,val
1050s1132a1110s3003-5s5001-4-519.jpg,1050s1132a1110s3003-5s5001-4,val
1050s1132a1110s3003-5s5001-4-533.jpg,1050s1132a1110s3003-5s5001-4,val
1050s1132a1110s3003-5s5001-4-547.jpg,1050s1132a1110s3003-5s5001-4,val
1050s1132a1110s3003-5s5001-4-561.jpg,1050s1132a1110s3003-5s5001-4,val
1050s1132a1110s3003-5s5001-4-57.jpg,1050s1132a1110s3003-5s5001-4,val
1050s1132a1110s3003-5s5001-4-575.jpg,1050s1132a1110s3003-5s5001-4,val
1050s1132a1110s3003-5s5001-4-589.jpg,1050s1132a1110s3003-5s5001-4,val
1050s1132a1110s3003-5s5001-4-603.jpg,1050s1132a1110s3003-5s5001-4,val
1050s1132a1110s3003-5s5001-4-617.jpg,1050s1132a1110s3003-5s5001-4,val
1050s1132a1110s3003-5s5001-4-645.jpg,1050s1132a1110s3003-5s5001-4,val
1050s1132a1110s3003-5s5001-4-659.jpg,1050s1132a1110s3003-5s5001-4,val
1050s1132a1110s3003-5s5001-4-701.jpg,1050s1132a1110s3003-5s5001-4,val
1050s1132a1110s3003-5s5001-4-71.jpg,1050s1132a1110s3003-5s5001-4,val
1050s1132a1110s3003-5s5001-4-715.jpg,1050s1132a1110s3003-5s5001-4,val
1050s1132a1110s3003-5s5001-4-729.jpg,1050s1132a1110s3003-5s5001-4,val
1050s1132a1110s3003-5s5001-4-743.jpg,1050s1132a1110s3003-5s5001-4,val
1050s1132a1110s3003-5s5001-4-757.jpg,1050s1132a1110s3003-5s5001-4,val
1050s1132a1110s3003-5s5001-4-771.jpg,1050s1132a1110s3003-5s5001-4,val
1050s1132a1110s3003-5s5001-4-785.jpg,1050s1132a1110s3003-5s5001-4,val
1050s1132a1110s3003-5s5001-4-799.jpg,1050s1132a1110s3003-5s5001-4,val
1050s1132a1110s3003-5s5001-4-813.jpg,1050s1132a1110s3003-5s5001-4,val
1050s1132a1110s3003-5s5001-4-85.jpg,1050s1132a1110s3003-5s5001-4,val
1050s1132a1110s3003-5s5001-4-855.jpg,1050s1132a1110s3003-5s5001-4,val
1050s1132a1110s3003-5s5001-4-883.jpg,1050s1132a1110s3003-5s5001-4,val
1050s1132a1110s3003-5s5001-4-897.jpg,1050s1132a1110s3003-5s5001-4,val
1050s1132a1110s3003-5s5001-4-911.jpg,1050s1132a1110s3003-5s5001-4,val
1050s1132a1110s3003-5s5001-4-925.jpg,1050s1132a1110s3003-5s5001-4,val
1050s1132a1110s3003-5s5001-4-939.jpg,1050s1132a1110s3003-5s5001-4,val
1050s1132a1110s3003-5s5001-4-967.jpg,1050s1132a1110s3003-5s5001-4,val
1050s1132a1110s3004-2s5310-1-1.jpg,1050s1132a1110s3004-2s5310-1,val
1050s1132a1110s3004-2s5310-1-106.jpg,1050s1132a1110s3004-2s5310-1,val
1050s1132a1110s3004-2s5310-1-121.jpg,1050s1132a1110s3004-2s5310-1,val
1050s1132a1110s3004-2s5310-1-136.jpg,1050s1132a1110s3004-2s5310-1,val
1050s1132a1110s3004-2s5310-1-151.jpg,1050s1132a1110s3004-2s5310-1,val
1050s1132a1110s3004-2s5310-1-16.jpg,1050s1132a1110s3004-2s5310-1,val
1050s1132a1110s3004-2s5310-1-181.jpg,1050s1132a1110s3004-2s5310-1,val
1050s1132a1110s3004-2s5310-1-196.jpg,1050s1132a1110s3004-2s5310-1,val
1050s1132a1110s3004-2s5310-1-226.jpg,1050s1132a1110s3004-2s5310-1,val
1050s1132a1110s3004-2s5310-1-256.jpg,1050s1132a1110s3004-2s5310-1,val
1050s1132a1110s3004-2s5310-1-271.jpg,1050s1132a1110s3004-2s5310-1,val
1050s1132a1110s3004-2s5310-1-286.jpg,1050s1132a1110s3004-2s5310-1,val
1050s1132a1110s3004-2s5310-1-301.jpg,1050s1132a1110s3004-2s5310-1,val
1050s1132a1110s3004-2s5310-1-316.jpg,1050s1132a1110s3004-2s5310-1,val
1050s1132a1110s3004-2s5310-1-331.jpg,1050s1132a1110s3004-2s5310-1,val
1050s1132a1110s3004-2s5310-1-346.jpg,1050s1132a1110s3004-2s5310-1,val
1050s1132a1110s3004-2s5310-1-376.jpg,1050s1132a1110s3004-2s5310-1,val
1050s1132a1110s3004-2s5310-1-391.jpg,1050s1132a1110s3004-2s5310-1,val
1050s1132a1110s3004-2s5310-1-406.jpg,1050s1132a1110s3004-2s5310-1,val
1050s1132a1110s3004-2s5310-1-421.jpg,1050s1132a1110s3004-2s5310-1,val
1050s1132a1110s3004-2s5310-1-436.jpg,1050s1132a1110s3004-2s5310-1,val
1050s1132a1110s3004-2s5310-1-46.jpg,1050s1132a1110s3004-2s5310-1,val
1050s1132a1110s3004-2s5310-1-466.jpg,1050s1132a1110s3004-2s5310-1,val
1050s1132a1110s3004-2s5310-1-481.jpg,1050s1132a1110s3004-2s5310-1,val
1050s1132a1110s3004-2s5310-1-496.jpg,1050s1132a1110s3004-2s5310-1,val
1050s1132a1110s3004-2s5310-1-511.jpg,1050s1132a1110s3004-2s5310-1,val
1050s1132a1110s3004-2s5310-1-526.jpg,1050s1132a1110s3004-2s5310-1,val
1050s1132a1110s3004-2s5310-1-541.jpg,1050s1132a1110s3004-2s5310-1,val
1050s1132a1110s3004-2s5310-1-556.jpg,1050s1132a1110s3004-2s5310-1,val
1050s1132a1110s3004-2s5310-1-586.jpg,1050s1132a1110s3004-2s5310-1,val
1050s1132a1110s3004-2s5310-1-601.jpg,1050s1132a1110s3004-2s5310-1,val
1050s1132a1110s3004-2s5310-1-61.jpg,1050s1132a1110s3004-2s5310-1,val
1050s1132a1110s3004-2s5310-1-616.jpg,1050s1132a1110s3004-2s5310-1,val
1050s1132a1110s3004-2s5310-1-631.jpg,1050s1132a1110s3004-2s5310-1,val
1050s1132a1110s3004-2s5310-1-646.jpg,1050s1132a1110s3004-2s5310-1,val
1050s1132a1110s3004-2s5310-1-661.jpg,1050s1132a1110s3004-2s5310-1,val
1050s1132a1110s3004-2s5310-1-676.jpg,1050s1132a1110s3004-2s5310-1,val
1050s1132a1110s3004-2s5310-1-691.jpg,1050s1132a1110s3004-2s5310-1,val
1050s1132a1110s3004-2s5310-1-706.jpg,1050s1132a1110s3004-2s5310-1,val
1050s1132a1110s3004-2s5310-1-721.jpg,1050s1132a1110s3004-2s5310-1,val
1050s1132a1110s3004-2s5310-1-76.jpg,1050s1132a1110s3004-2s5310-1,val
1050s1132a1110s3004-2s5310-1-781.jpg,1050s1132a1110s3004-2s5310-1,val
1050s1132a1110s3004-2s5310-1-826.jpg,1050s1132a1110s3004-2s5310-1,val
1050s1132a1110s3004-2s5310-1-841.jpg,1050s1132a1110s3004-2s5310-1,val
1050s1132a1110s3004-2s5310-1-856.jpg,1050s1132a1110s3004-2s5310-1,val
1050s1132a1110s3004-2s5310-1-886.jpg,1050s1132a1110s3004-2s5310-1,val
1050s1132a1112s3004-3s5310-1-1.jpg,1050s1132a1112s3004-3s5310-1,val
1050s1132a1112s3004-3s5310-1-121.jpg,1050s1132a1112s3004-3s5310-1,val
1050s1132a1112s3004-3s5310-1-136.jpg,1050s1132a1112s3004-3s5310-1,val
1050s1132a1112s3004-3s5310-1-151.jpg,1050s1132a1112s3004-3s5310-1,val
1050s1132a1112s3004-3s5310-1-196.jpg,1050s1132a1112s3004-3s5310-1,val
1050s1132a1112s3004-3s5310-1-211.jpg,1050s1132a1112s3004-3s5310-1,val
1050s1132a1112s3004-3s5310-1-226.jpg,1050s1132a1112s3004-3s5310-1,val
1050s1132a1112s3004-3s5310-1-241.jpg,1050s1132a1112s3004-3s5310-1,val
1050s1132a1112s3004-3s5310-1-256.jpg,1050s1132a1112s3004-3s5310-1,val
1050s1132a1112s3004-3s5310-1-286.jpg,1050s1132a1112s3004-3s5310-1,val
1050s1132a1112s3004-3s5310-1-31.jpg,1050s1132a1112s3004-3s5310-1,val
1050s1132a1112s3004-3s5310-1-46.jpg,1050s1132a1112s3004-3s5310-1,val
1050s1132a1112s3004-3s5310-1-61.jpg,1050s1132a1112s3004-3s5310-1,val
1050s1132a1112s3004-3s5310-1-91.jpg,1050s1132a1112s3004-3s5310-1,val
1060a1000s1110s4001-2s5001-1-1.jpg,1060a1000s1110s4001-2s5001-1,val
1060a1000s1110s4001-2s5001-1-106.jpg,1060a1000s1110s4001-2s5001-1,val
1060a1000s1110s4001-2s5001-1-121.jpg,1060a1000s1110s4001-2s5001-1,val
1060a1000s1110s4001-2s5001-1-151.jpg,1060a1000s1110s4001-2s5001-1,val
1060a1000s1110s4001-2s5001-1-166.jpg,1060a1000s1110s4001-2s5001-1,val
1060a1000s1110s4001-2s5001-1-181.jpg,1060a1000s1110s4001-2s5001-1,val
1060a1000s1110s4001-2s5001-1-196.jpg,1060a1000s1110s4001-2s5001-1,val
1060a1000s1110s4001-2s5001-1-211.jpg,1060a1000s1110s4001-2s5001-1,val
1060a1000s1110s4001-2s5001-1-241.jpg,1060a1000s1110s4001-2s5001-1,val
1060a1000s1110s4001-2s5001-1-256.jpg,1060a1000s1110s4001-2s5001-1,val
1060a1000s1110s4001-2s5001-1-271.jpg,1060a1000s1110s4001-2s5001-1,val
1060a1000s1110s4001-2s5001-1-301.jpg,1060a1000s1110s4001-2s5001-1,val
1060a1000s1110s4001-2s5001-1-31.jpg,1060a1000s1110s4001-2s5001-1,val
1060a1000s1110s4001-2s5001-1-316.jpg,1060a1000s1110s4001-2s5001-1,val
1060a1000s1110s4001-2s5001-1-346.jpg,1060a1000s1110s4001-2s5001-1,val
1060a1000s1110s4001-2s5001-1-361.jpg,1060a1000s1110s4001-2s5001-1,val
1060a1000s1110s4001-2s5001-1-406.jpg,1060a1000s1110s4001-2s5001-1,val
1060a1000s1110s4001-2s5001-1-421.jpg,1060a1000s1110s4001-2s5001-1,val
1060a1000s1110s4001-2s5001-1-436.jpg,1060a1000s1110s4001-2s5001-1,val
1060a1000s1110s4001-2s5001-1-451.jpg,1060a1000s1110s4001-2s5001-1,val
1060a1000s1110s4001-2s5001-1-46.jpg,1060a1000s1110s4001-2s5001-1,val
1060a1000s1110s4001-2s5001-1-466.jpg,1060a1000s1110s4001-2s5001-1,val
1060a1000s1110s4001-2s5001-1-481.jpg,1060a1000s1110s4001-2s5001-1,val
1060a1000s1110s4001-2s5001-1-496.jpg,1060a1000s1110s4001-2s5001-1,val
1060a1000s1110s4001-2s5001-1-511.jpg,1060a1000s1110s4001-2s5001-1,val
1060a1000s1110s4001-2s5001-1-526.jpg,1060a1000s1110s4001-2s5001-1,val
1060a1000s1110s4001-2s5001-1-541.jpg,1060a1000s1110s4001-2s5001-1,val
1060a1000s1110s4001-2s5001-1-556.jpg,1060a1000s1110s4001-2s5001-1,val
1060a1000s1110s4001-2s5001-1-586.jpg,1060a1000s1110s4001-2s5001-1,val
1060a1000s1110s4001-2s5001-1-76.jpg,1060a1000s1110s4001-2s5001-1,val
1060a1000s1110s4001-2s5001-1-91.jpg,1060a1000s1110s4001-2s5001-1,val
1010s1120s2001-2s5300-1-1.jpg,1010s1120s2001-2s5300-1,test
1010s1120s2001-2s5300-1-1006.jpg,1010s1120s2001-2s5300-1,test
1010s1120s2001-2s5300-1-1021.jpg,1010s1120s2001-2s5300-1,test
1010s1120s2001-2s5300-1-1051.jpg,1010s1120s2001-2s5300-1,test
1010s1120s2001-2s5300-1-106.jpg,1010s1120s2001-2s5300-1,test
1010s1120s2001-2s5300-1-1156.jpg,1010s1120s2001-2s5300-1,test
1010s1120s2001-2s5300-1-31.jpg,1010s1120s2001-2s5300-1,test
1010s1120s2001-2s5300-1-376.jpg,1010s1120s2001-2s5300-1,test
1010s1120s2001-2s5300-1-631.jpg,1010s1120s2001-2s5300-1,test
1010s1120s2001-2s5300-1-661.jpg,1010s1120s2001-2s5300-1,test
1010s1120s2001-2s5300-1-691.jpg,1010s1120s2001-2s5300-1,test
1010s1120s2001-2s5300-1-706.jpg,1010s1120s2001-2s5300-1,test
1010s1120s2001-2s5300-1-721.jpg,1010s1120s2001-2s5300-1,test
1010s1120s2001-2s5300-1-766.jpg,1010s1120s2001-2s5300-1,test
1010s1120s2001-2s5300-1-811.jpg,1010s1120s2001-2s5300-1,test
1010s1120s2001-2s5300-1-871.jpg,1010s1120s2001-2s5300-1,test
1010s1121s2001-2s5101-1-211.jpg,1010s1121s2001-2s5101-1,test
1010s1121s2001-2s5101-1-226.jpg,1010s1121s2001-2s5101-1,test
1010s1121s2001-2s5101-1-256.jpg,1010s1121s2001-2s5101-1,test
1010s1121s2001-2s5101-1-301.jpg,1010s1121s2001-2s5101-1,test
1010s1121s2001-2s5101-1-406.jpg,1010s1121s2001-2s5101-1,test
1010s1121s2001-2s5101-1-421.jpg,1010s1121s2001-2s5101-1,test
1010s1121s2001-2s5101-1-496.jpg,1010s1121s2001-2s5101-1,test
1010s1121s2001-2s5101-1-736.jpg,1010s1121s2001-2s5101-1,test
1010s1121s2001-2s5101-1-871.jpg,1010s1121s2001-2s5101-1,test
1010s1121s2001-2s5101-2-121.jpg,1010s1121s2001-2s5101-2,test
1010s1121s2001-2s5101-2-241.jpg,1010s1121s2001-2s5101-2,test
1010s1121s2001-2s5101-2-256.jpg,1010s1121s2001-2s5101-2,test
1010s1121s2001-2s5101-2-271.jpg,1010s1121s2001-2s5101-2,test
1010s1121s2001-2s5101-2-301.jpg,1010s1121s2001-2s5101-2,test
1010s1121s2001-2s5101-2-376.jpg,1010s1121s2001-2s5101-2,test
1010s1121s2001-2s5101-2-406.jpg,1010s1121s2001-2s5101-2,test
1010s1121s2001-2s5101-2-46.jpg,1010s1121s2001-2s5101-2,test
1010s1121s2001-2s5101-2-571.jpg,1010s1121s2001-2s5101-2,test
1010s1121s2001-2s5101-2-631.jpg,1010s1121s2001-2s5101-2,test
1010s1121s2001-2s5101-2-856.jpg,1010s1121s2001-2s5101-2,test
1010s1121s2001-2s5301-1-196.jpg,1010s1121s2001-2s5301-1,test
1010s1121s2001-2s5301-1-211.jpg,1010s1121s2001-2s5301-1,test
1010s1121s2001-2s5301-1-256.jpg,1010s1121s2001-2s5301-1,test
1010s1121s2001-2s5301-1-31.jpg,1010s1121s2001-2s5301-1,test
1010s1121s2001-2s5301-1-331.jpg,1010s1121s2001-2s5301-1,test
1010s1121s2001-2s5301-1-346.jpg,1010s1121s2001-2s5301-1,test
1010s1121s2001-2s5301-1-541.jpg,1010s1121s2001-2s5301-1,test
1010s1121s2001-2s5301-1-616.jpg,1010s1121s2001-2s5301-1,test
1010s1121s2001-2s5301-1-631.jpg,1010s1121s2001-2s5301-1,test
1010s1121s2001-2s5301-1-676.jpg,1010s1121s2001-2s5301-1,test
1010s1121s2001-2s5301-1-736.jpg,1010s1121s2001-2s5301-1,test
1010s1121s2001-2s5301-1-766.jpg,1010s1121s2001-2s5301-1,test
1010s1121s2001-2s5301-1-781.jpg,1010s1121s2001-2s5301-1,test
1010s1121s2001-2s5301-1-796.jpg,1010s1121s2001-2s5301-1,test
1010s1121s2001-2s5301-1-886.jpg,1010s1121s2001-2s5301-1,test
1010s1121s2001-2s5302-1-1051.jpg,1010s1121s2001-2s5302-1,test
1010s1121s2001-2s5302-1-1111.jpg,1010s1121s2001-2s5302-1,test
1010s1121s2001-2s5302-1-1156.jpg,1010s1121s2001-2s5302-1,test
1010s1121s2001-2s5302-1-1171.jpg,1010s1121s2001-2s5302-1,test
1010s1121s2001-2s5302-1-1201.jpg,1010s1121s2001-2s5302-1,test
1010s1121s2001-2s5302-1-1261.jpg,1010s1121s2001-2s5302-1,test
1010s1121s2001-2s5302-1-1306.jpg,1010s1121s2001-2s5302-1,test
1010s1121s2001-2s5302-1-1366.jpg,1010s1121s2001-2s5302-1,test
1010s1121s2001-2s5302-1-1426.jpg,1010s1121s2001-2s5302-1,test
1010s1121s2001-2s5302-1-1486.jpg,1010s1121s2001-2s5302-1,test
1010s1121s2001-2s5302-1-151.jpg,1010s1121s2001-2s5302-1,test
1010s1121s2001-2s5302-1-241.jpg,1010s1121s2001-2s5302-1,test
1010s1121s2001-2s5302-1-301.jpg,1010s1121s2001-2s5302-1,test
1010s1121s2001-2s5302-1-406.jpg,1010s1121s2001-2s5302-1,test
1010s1121s2001-2s5302-1-436.jpg,1010s1121s2001-2s5302-1,test
1010s1121s2001-2s5302-1-541.jpg,1010s1121s2001-2s5302-1,test
1010s1121s2001-2s5302-1-616.jpg,1010s1121s2001-2s5302-1,test
1010s1121s2001-2s5302-1-766.jpg,1010s1121s2001-2s5302-1,test
1010s1121s2001-2s5302-1-781.jpg,1010s1121s2001-2s5302-1,test
1010s1121s2001-2s5302-1-796.jpg,1010s1121s2001-2s5302-1,test
1010s1121s2001-2s5302-1-826.jpg,1010s1121s2001-2s5302-1,test
1010s1121s2001-2s5302-1-871.jpg,1010s1121s2001-2s5302-1,test
1010s1121s2001-2s5302-1-901.jpg,1010s1121s2001-2s5302-1,test
1010s1121s2001-2s5302-1-916.jpg,1010s1121s2001-2s5302-1,test
1010s1121s2001-2s5302-1-946.jpg,1010s1121s2001-2s5302-1,test
1010s1121s2001-2s5302-1-976.jpg,1010s1121s2001-2s5302-1,test
1010s1121s2001-2s5302-1-991.jpg,1010s1121s2001-2s5302-1,test
1010s1121s2002-2s5301-1-226.jpg,1010s1121s2002-2s5301-1,test
1010s1121s2002-2s5301-1-256.jpg,1010s1121s2002-2s5301-1,test
1010s1121s2002-2s5301-1-271.jpg,1010s1121s2002-2s5301-1,test
1010s1121s2002-2s5301-1-301.jpg,1010s1121s2002-2s5301-1,test
1010s1121s2002-2s5301-1-331.jpg,1010s1121s2002-2s5301-1,test
1010s1121s2002-2s5301-1-391.jpg,1010s1121s2002-2s5301-1,test
1010s1121s2002-2s5301-1-406.jpg,1010s1121s2002-2s5301-1,test
1010s1121s2002-2s5301-1-46.jpg,1010s1121s2002-2s5301-1,test
1010s1121s2002-2s5301-1-541.jpg,1010s1121s2002-2s5301-1,test
1010s1121s2002-2s5301-1-556.jpg,1010s1121s2002-2s5301-1,test
1010s1121s2002-2s5301-1-616.jpg,1010s1121s2002-2s5301-1,test
1010s1121s2002-2s5301-1-661.jpg,1010s1121s2002-2s5301-1,test
1010s1121s2002-2s5301-1-691.jpg,1010s1121s2002-2s5301-1,test
1010s1121s2002-2s5301-1-76.jpg,1010s1121s2002-2s5301-1,test
1010s1121s2002-2s5301-1-811.jpg,1010s1121s2002-2s5301-1,test
1010s1121s2002-2s5302-1-1081.jpg,1010s1121s2002-2s5302-1,test
1010s1121s2002-2s5302-1-1186.jpg,1010s1121s2002-2s5302-1,test
1010s1121s2002-2s5302-1-121.jpg,1010s1121s2002-2s5302-1,test
1010s1121s2002-2s5302-1-166.jpg,1010s1121s2002-2s5302-1,test
1010s1121s2002-2s5302-1-241.jpg,1010s1121s2002-2s5302-1,test
1010s1121s2002-2s5302-1-391.jpg,1010s1121s2002-2s5302-1,test
1010s1121s2002-2s5302-1-616.jpg,1010s1121s2002-2s5302-1,test
1010s1121s2002-2s5302-1-646.jpg,1010s1121s2002-2s5302-1,test
1010s1121s2002-2s5302-1-796.jpg,1010s1121s2002-2s5302-1,test
1010s1121s2002-2s5302-1-886.jpg,1010s1121s2002-2s5302-1,test
1010s1121s3001-2s5001-1-121.jpg,1010s1121s3001-2s5001-1,test
1010s1121s3001-2s5001-1-226.jpg,1010s1121s3001-2s5001-1,test
1010s1121s3001-2s5001-1-301.jpg,1010s1121s3001-2s5001-1,test
1010s1121s3001-2s5001-1-316.jpg,1010s1121s3001-2s5001-1,test
1010s1121s3001-2s5001-1-436.jpg,1010s1121s3001-2s5001-1,test
1010s1121s3001-2s5001-1-451.jpg,1010s1121s3001-2s5001-1,test
1010s1121s3001-2s5001-1-511.jpg,1010s1121s3001-2s5001-1,test
1010s1121s3001-2s5001-1-736.jpg,1010s1121s3001-2s5001-1,test
1010s1121s3001-2s5001-1-886.jpg,1010s1121s3001-2s5001-1,test
1010s1121s3002-2s5001-1-121.jpg,1010s1121s3002-2s5001-1,test
1010s1121s3002-2s5001-1-151.jpg,1010s1121s3002-2s5001-1,test
1010s1121s3002-2s5001-1-376.jpg,1010s1121s3002-2s5001-1,test
1010s1121s3002-2s5001-1-421.jpg,1010s1121s3002-2s5001-1,test
1010s1121s3002-2s5001-1-496.jpg,1010s1121s3002-2s5001-1,test
1010s1121s3002-2s5001-1-526.jpg,1010s1121s3002-2s5001-1,test
1010s1121s3002-2s5001-1-571.jpg,1010s1121s3002-2s5001-1,test
1020s1120s2003-2s5301-1-1021.jpg,1020s1120s2003-2s5301-1,test
1020s1120s2003-2s5301-1-1066.jpg,1020s1120s2003-2s5301-1,test
1020s1120s2003-2s5301-1-1111.jpg,1020s1120s2003-2s5301-1,test
1020s1120s2003-2s5301-1-1126.jpg,1020s1120s2003-2s5301-1,test
1020s1120s2003-2s5301-1-121.jpg,1020s1120s2003-2s5301-1,test
1020s1120s2003-2s5301-1-151.jpg,1020s1120s2003-2s5301-1,test
1020s1120s2003-2s5301-1-211.jpg,1020s1120s2003-2s5301-1,test
1020s1120s2003-2s5301-1-256.jpg,1020s1120s2003-2s5301-1,test
1020s1120s2003-2s5301-1-391.jpg,1020s1120s2003-2s5301-1,test
1020s1120s2003-2s5301-1-406.jpg,1020s1120s2003-2s5301-1,test
1020s1120s2003-2s5301-1-421.jpg,1020s1120s2003-2s5301-1,test
1020s1120s2003-2s5301-1-481.jpg,1020s1120s2003-2s5301-1,test
1020s1120s2003-2s5301-1-496.jpg,1020s1120s2003-2s5301-1,test
1020s1120s2003-2s5301-1-661.jpg,1020s1120s2003-2s5301-1,test
1020s1120s2003-2s5301-1-706.jpg,1020s1120s2003-2s5301-1,test
1020s1120s2003-2s5301-1-781.jpg,1020s1120s2003-2s5301-1,test
1020s1120s2003-2s5301-1-826.jpg,1020s1120s2003-2s5301-1,test
1020s1120s2003-2s5301-1-901.jpg,1020s1120s2003-2s5301-1,test
1020s1120s2003-2s5303-1-211.jpg,1020s1120s2003-2s5303-1,test
1020s1120s2003-2s5303-1-271.jpg,1020s1120s2003-2s5303-1,test
1020s1120s2003-2s5303-1-301.jpg,1020s1120s2003-2s5303-1,test
1020s1120s2003-2s5303-1-31.jpg,1020s1120s2003-2s5303-1,test
1020s1120s2003-2s5303-1-331.jpg,1020s1120s2003-2s5303-1,test
1020s1120s2003-2s5303-1-526.jpg,1020s1120s2003-2s5303-1,test
1020s1120s2003-2s5303-1-556.jpg,1020s1120s2003-2s5303-1,test
1020s1120s2003-2s5303-1-631.jpg,1020s1120s2003-2s5303-1,test
1020s1120s2003-2s5303-1-691.jpg,1020s1120s2003-2s5303-1,test
1020s1120s2003-2s5303-1-721.jpg,1020s1120s2003-2s5303-1,test
1020s1120s2003-2s5303-1-751.jpg,1020s1120s2003-2s5303-1,test
1020s1120s2003-2s5303-1-826.jpg,1020s1120s2003-2s5303-1,test
1020s1121s2003-1s5001-1-211.jpg,1020s1121s2003-1s5001-1,test
1020s1121s2003-1s5001-1-271.jpg,1020s1121s2003-1s5001-1,test
1020s1121s2003-1s5001-1-376.jpg,1020s1121s2003-1s5001-1,test
1020s1121s2003-1s5001-1-391.jpg,1020s1121s2003-1s5001-1,test
1020s1121s2003-1s5001-1-406.jpg,1020s1121s2003-1s5001-1,test
1020s1121s2003-1s5001-1-496.jpg,1020s1121s2003-1s5001-1,test
1020s1121s2003-1s5001-1-541.jpg,1020s1121s2003-1s5001-1,test
1020s1121s2003-1s5001-1-616.jpg,1020s1121s2003-1s5001-1,test
1020s1121s2003-1s5001-1-646.jpg,1020s1121s2003-1s5001-1,test
1020s1121s2003-1s5001-1-721.jpg,1020s1121s2003-1s5001-1,test
1020s1121s2003-1s5001-1-76.jpg,1020s1121s2003-1s5001-1,test
1020s1121s2003-1s5001-1-811.jpg,1020s1121s2003-1s5001-1,test
1020s1121s2003-1s5001-1-856.jpg,1020s1121s2003-1s5001-1,test
1020s1121s2003-1s5001-1-961.jpg,1020s1121s2003-1s5001-1,test
1020s1121s2003-1s5001-1-991.jpg,1020s1121s2003-1s5001-1,test
1020s1121s2003-1s5001-2-136.jpg,1020s1121s2003-1s5001-2,test
1020s1121s2003-1s5001-2-166.jpg,1020s1121s2003-1s5001-2,test
1020s1121s2003-1s5001-2-196.jpg,1020s1121s2003-1s5001-2,test
1020s1121s2003-1s5001-2-226.jpg,1020s1121s2003-1s5001-2,test
1020s1121s2003-1s5001-2-241.jpg,1020s1121s2003-1s5001-2,test
1020s1121s2003-1s5001-2-46.jpg,1020s1121s2003-1s5001-2,test
1020s1121s2003-1s5001-2-481.jpg,1020s1121s2003-1s5001-2,test
1020s1121s2003-1s5001-2-511.jpg,1020s1121s2003-1s5001-2,test
1020s1121s2003-1s5300-1-241.jpg,1020s1121s2003-1s5300-1,test
1020s1121s2003-1s5300-1-376.jpg,1020s1121s2003-1s5300-1,test
1020s1121s2003-1s5300-1-421.jpg,1020s1121s2003-1s5300-1,test
1020s1121s2003-1s5300-1-481.jpg,1020s1121s2003-1s5300-1,test
1020s1121s2003-1s5300-1-631.jpg,1020s1121s2003-1s5300-1,test
1020s1121s2003-1s5300-1-676.jpg,1020s1121s2003-1s5300-1,test
1020s1121s2003-1s5300-1-721.jpg,1020s1121s2003-1s5300-1,test
1020s1121s2003-1s5300-1-736.jpg,1020s1121s2003-1s5300-1,test
1020s1121s2003-1s5300-1-751.jpg,1020s1121s2003-1s5300-1,test
1020s1121s2003-1s5303-1-1.jpg,1020s1121s2003-1s5303-1,test
1020s1121s2003-1s5303-1-106.jpg,1020s1121s2003-1s5303-1,test
1020s1121s2003-1s5303-1-1066.jpg,1020s1121s2003-1s5303-1,test
1020s1121s2003-1s5303-1-1126.jpg,1020s1121s2003-1s5303-1,test
1020s1121s2003-1s5303-1-1141.jpg,1020s1121s2003-1s5303-1,test
1020s1121s2003-1s5303-1-151.jpg,1020s1121s2003-1s5303-1,test
1020s1121s2003-1s5303-1-16.jpg,1020s1121s2003-1s5303-1,test
1020s1121s2003-1s5303-1-256.jpg,1020s1121s2003-1s5303-1,test
1020s1121s2003-1s5303-1-301.jpg,1020s1121s2003-1s5303-1,test
1020s1121s2003-1s5303-1-316.jpg,1020s1121s2003-1s5303-1,test
1020s1121s2003-1s5303-1-421.jpg,1020s1121s2003-1s5303-1,test
1020s1121s2003-1s5303-1-436.jpg,1020s1121s2003-1s5303-1,test
1020s1121s2003-1s5303-1-451.jpg,1020s1121s2003-1s5303-1,test
1020s1121s2003-1s5303-1-496.jpg,1020s1121s2003-1s5303-1,test
1020s1121s2003-1s5303-1-571.jpg,1020s1121s2003-1s5303-1,test
1020s1121s2003-1s5303-1-706.jpg,1020s1121s2003-1s5303-1,test
1020s1121s2003-1s5303-1-841.jpg,1020s1121s2003-1s5303-1,test
1020s1121s2003-1s5303-1-931.jpg,1020s1121s2003-1s5303-1,test
1020s1121s2003-1s5303-1-946.jpg,1020s1121s2003-1s5303-1,test
1020s1121s2003-1s5303-1-976.jpg,1020s1121s2003-1s5303-1,test
1020s1121s2003-1s5303-1-991.jpg,1020s1121s2003-1s5303-1,test
1020s1220s2003-2s5303-1-166.jpg,1020s1220s2003-2s5303-1,test
1020s1220s2003-2s5303-1-256.jpg,1020s1220s2003-2s5303-1,test
1020s1220s2003-2s5303-1-361.jpg,1020s1220s2003-2s5303-1,test
1020s1220s2003-2s5303-1-421.jpg,1020s1220s2003-2s5303-1,test
1020s1220s2003-2s5303-1-436.jpg,1020s1220s2003-2s5303-1,test
1020s1220s2003-2s5303-1-451.jpg,1020s1220s2003-2s5303-1,test
1020s1220s2003-2s5303-1-571.jpg,1020s1220s2003-2s5303-1,test
1020s1220s2003-2s5303-1-601.jpg,1020s1220s2003-2s5303-1,test
1020s1220s2003-2s5303-1-691.jpg,1020s1220s2003-2s5303-1,test
1020s1220s2003-2s5303-1-721.jpg,1020s1220s2003-2s5303-1,test
1020s1220s2003-2s5303-1-871.jpg,1020s1220s2003-2s5303-1,test
1020s1220s2003-2s5303-1-91.jpg,1020s1220s2003-2s5303-1,test
1020s1221s2003-1s5300-1-136.jpg,1020s1221s2003-1s5300-1,test
1020s1221s2003-1s5300-1-346.jpg,1020s1221s2003-1s5300-1,test
1020s1221s2003-1s5300-1-361.jpg,1020s1221s2003-1s5300-1,test
1020s1221s2003-1s5300-1-406.jpg,1020s1221s2003-1s5300-1,test
1020s1221s2003-1s5300-1-46.jpg,1020s1221s2003-1s5300-1,test
1020s1221s2003-1s5300-1-571.jpg,1020s1221s2003-1s5300-1,test
1020s1221s2003-1s5300-1-61.jpg,1020s1221s2003-1s5300-1,test
1020s1221s2003-1s5300-1-661.jpg,1020s1221s2003-1s5300-1,test
1020s1221s2003-1s5300-1-706.jpg,1020s1221s2003-1s5300-1,test
1020s1221s2003-1s5300-1-736.jpg,1020s1221s2003-1s5300-1,test
1020s1221s2003-1s5300-1-751.jpg,1020s1221s2003-1s5300-1,test
1020s1221s2003-1s5300-1-781.jpg,1020s1221s2003-1s5300-1,test
1020s1221s2003-1s5300-1-811.jpg,1020s1221s2003-1s5300-1,test
1020s1221s2003-1s5300-1-886.jpg,1020s1221s2003-1s5300-1,test
1040s1132s3005-3s5001-1-136.jpg,1040s1132s3005-3s5001-1,test
1040s1132s3005-3s5001-1-226.jpg,1040s1132s3005-3s5001-1,test
1040s1132s3005-3s5001-1-256.jpg,1040s1132s3005-3s5001-1,test
1040s1132s3005-3s5001-1-511.jpg,1040s1132s3005-3s5001-1,test
1040s1132s3005-3s5001-2-121.jpg,1040s1132s3005-3s5001-2,test
1040s1132s3005-3s5001-2-136.jpg,1040s1132s3005-3s5001-2,test
1040s1132s3005-3s5001-2-151.jpg,1040s1132s3005-3s5001-2,test
1040s1132s3005-3s5001-2-16.jpg,1040s1132s3005-3s5001-2,test
1040s1132s3005-3s5001-2-241.jpg,1040s1132s3005-3s5001-2,test
1040s1132s3005-3s5001-2-256.jpg,1040s1132s3005-3s5001-2,test
1040s1132s3005-3s5001-2-361.jpg,1040s1132s3005-3s5001-2,test
1040s1132s3005-3s5001-2-451.jpg,1040s1132s3005-3s5001-2,test
1040s1132s3005-3s5001-2-571.jpg,1040s1132s3005-3s5001-2,test
1040s1132s3005-3s5001-2-616.jpg,1040s1132s3005-3s5001-2,test
1040s1132s3005-3s5001-2-646.jpg,1040s1132s3005-3s5001-2,test
1040s1132s3005-3s5001-2-736.jpg,1040s1132s3005-3s5001-2,test
1040s1132s3005-3s5001-2-811.jpg,1040s1132s3005-3s5001-2,test
1040s1132s3005-3s5001-2-826.jpg,1040s1132s3005-3s5001-2,test
1040s1132s3005-3s5001-2-871.jpg,1040s1132s3005-3s5001-2,test
1040s1132s3005-3s5301-1-1.jpg,1040s1132s3005-3s5301-1,test
1040s1132s3005-3s5301-1-181.jpg,1040s1132s3005-3s5301-1,test
1040s1132s3005-3s5301-1-196.jpg,1040s1132s3005-3s5301-1,test
1040s1132s3005-3s5301-1-256.jpg,1040s1132s3005-3s5301-1,test
1040s1132s3005-3s5301-1-271.jpg,1040s1132s3005-3s5301-1,test
1040s1132s3005-3s5301-1-301.jpg,1040s1132s3005-3s5301-1,test
1040s1132s3005-3s5301-1-31.jpg,1040s1132s3005-3s5301-1,test
1040s1132s3005-3s5301-1-331.jpg,1040s1132s3005-3s5301-1,test
1040s1132s3005-3s5301-1-541.jpg,1040s1132s3005-3s5301-1,test
1040s1132s3005-3s5301-1-646.jpg,1040s1132s3005-3s5301-1,test
1040s1132s3005-3s5301-1-706.jpg,1040s1132s3005-3s5301-1,test
1040s1132s3005-3s5301-1-751.jpg,1040s1132s3005-3s5301-1,test
1040s1132s3005-3s5301-1-781.jpg,1040s1132s3005-3s5301-1,test
1040s1132s3005-3s5301-1-826.jpg,1040s1132s3005-3s5301-1,test
1040s1132s3005-3s5301-2-1.jpg,1040s1132s3005-3s5301-2,test
1040s1132s3005-3s5301-2-106.jpg,1040s1132s3005-3s5301-2,test
1040s1132s3005-3s5301-2-121.jpg,1040s1132s3005-3s5301-2,test
1040s1132s3005-3s5301-2-16.jpg,1040s1132s3005-3s5301-2,test
1040s1132s3005-3s5301-2-316.jpg,1040s1132s3005-3s5301-2,test
1040s1132s3005-3s5301-2-346.jpg,1040s1132s3005-3s5301-2,test
1040s1132s3005-3s5301-2-406.jpg,1040s1132s3005-3s5301-2,test
1040s1132s3005-3s5301-2-541.jpg,1040s1132s3005-3s5301-2,test
1040s1132s3005-3s5301-2-676.jpg,1040s1132s3005-3s5301-2,test
1050s1132a1110s3003-3s5001-1-1.jpg,1050s1132a1110s3003-3s5001-1,test
1050s1132a1110s3003-3s5001-1-1096.jpg,1050s1132a1110s3003-3s5001-1,test
1050s1132a1110s3003-3s5001-1-1126.jpg,1050s1132a1110s3003-3s5001-1,test
1050s1132a1110s3003-3s5001-1-136.jpg,1050s1132a1110s3003-3s5001-1,test
1050s1132a1110s3003-3s5001-1-241.jpg,1050s1132a1110s3003-3s5001-1,test
1050s1132a1110s3003-3s5001-1-286.jpg,1050s1132a1110s3003-3s5001-1,test
1050s1132a1110s3003-3s5001-1-301.jpg,1050s1132a1110s3003-3s5001-1,test
1050s1132a1110s3003-3s5001-1-436.jpg,1050s1132a1110s3003-3s5001-1,test
1050s1132a1110s3003-3s5001-1-526.jpg,1050s1132a1110s3003-3s5001-1,test
1050s1132a1110s3003-3s5001-1-556.jpg,1050s1132a1110s3003-3s5001-1,test
1050s1132a1110s3003-3s5001-1-646.jpg,1050s1132a1110s3003-3s5001-1,test
1050s1132a1110s3003-3s5001-1-706.jpg,1050s1132a1110s3003-3s5001-1,test
1050s1132a1110s3003-3s5001-1-721.jpg,1050s1132a1110s3003-3s5001-1,test
1050s1132a1110s3003-3s5001-1-751.jpg,1050s1132a1110s3003-3s5001-1,test
1050s1132a1110s3003-3s5001-1-781.jpg,1050s1132a1110s3003-3s5001-1,test
1050s1132a1110s3003-3s5001-1-796.jpg,1050s1132a1110s3003-3s5001-1,test
1050s1132a1110s3003-3s5001-1-901.jpg,1050s1132a1110s3003-3s5001-1,test
1050s1132a1110s3003-3s5001-1-916.jpg,1050s1132a1110s3003-3s5001-1,test
1050s1132a1110s3003-3s5001-1-961.jpg,1050s1132a1110s3003-3s5001-1,test
1050s1132a1110s3003-3s5001-2-226.jpg,1050s1132a1110s3003-3s5001-2,test
1050s1132a1110s3003-3s5001-2-391.jpg,1050s1132a1110s3003-3s5001-2,test
1050s1132a1110s3003-3s5001-2-46.jpg,1050s1132a1110s3003-3s5001-2,test
1050s1132a1110s3003-3s5001-4-16.jpg,1050s1132a1110s3003-3s5001-4,test
1050s1132a1110s3003-3s5001-5-16.jpg,1050s1132a1110s3003-3s5001-5,test
1050s1132a1110s3003-3s5001-5-61.jpg,1050s1132a1110s3003-3s5001-5,test
1050s1132a1110s3003-5s5001-1-1.jpg,1050s1132a1110s3003-5s5001-1,test
1050s1132a1110s3003-5s5001-1-1036.jpg,1050s1132a1110s3003-5s5001-1,test
1050s1132a1110s3003-5s5001-1-106.jpg,1050s1132a1110s3003-5s5001-1,test
1050s1132a1110s3003-5s5001-1-1096.jpg,1050s1132a1110s3003-5s5001-1,test
1050s1132a1110s3003-5s5001-1-1111.jpg,1050s1132a1110s3003-5s5001-1,test
1050s1132a1110s3003-5s5001-1-1186.jpg,1050s1132a1110s3003-5s5001-1,test
1050s1132a1110s3003-5s5001-1-1201.jpg,1050s1132a1110s3003-5s5001-1,test
1050s1132a1110s3003-5s5001-1-1336.jpg,1050s1132a1110s3003-5s5001-1,test
1050s1132a1110s3003-5s5001-1-1351.jpg,1050s1132a1110s3003-5s5001-1,test
1050s1132a1110s3003-5s5001-1-1366.jpg,1050s1132a1110s3003-5s5001-1,test
1050s1132a1110s3003-5s5001-1-1411.jpg,1050s1132a1110s3003-5s5001-1,test
1050s1132a1110s3003-5s5001-1-1441.jpg,1050s1132a1110s3003-5s5001-1,test
1050s1132a1110s3003-5s5001-1-1651.jpg,1050s1132a1110s3003-5s5001-1,test
1050s1132a1110s3003-5s5001-1-1771.jpg,1050s1132a1110s3003-5s5001-1,test
1050s1132a1110s3003-5s5001-1-241.jpg,1050s1132a1110s3003-5s5001-1,test
1050s1132a1110s3003-5s5001-1-301.jpg,1050s1132a1110s3003-5s5001-1,test
1050s1132a1110s3003-5s5001-1-391.jpg,1050s1132a1110s3003-5s5001-1,test
1050s1132a1110s3003-5s5001-1-46.jpg,1050s1132a1110s3003-5s5001-1,test
1050s1132a1110s3003-5s5001-1-466.jpg,1050s1132a1110s3003-5s5001-1,test
1050s1132a1110s3003-5s5001-1-511.jpg,1050s1132a1110s3003-5s5001-1,test
1050s1132a1110s3003-5s5001-1-586.jpg,1050s1132a1110s3003-5s5001-1,test
1050s1132a1110s3003-5s5001-1-661.jpg,1050s1132a1110s3003-5s5001-1,test
1050s1132a1110s3003-5s5001-1-691.jpg,1050s1132a1110s3003-5s5001-1,test
1050s1132a1110s3003-5s5001-1-796.jpg,1050s1132a1110s3003-5s5001-1,test
1050s1132a1110s3003-5s5001-1-856.jpg,1050s1132a1110s3003-5s5001-1,test
1050s1132a1110s3003-5s5001-1-91.jpg,1050s1132a1110s3003-5s5001-1,test
1050s1132a1110s3003-5s5001-1-931.jpg,1050s1132a1110s3003-5s5001-1,test
1050s1132a1110s3003-5s5001-2-196.jpg,1050s1132a1110s3003-5s5001-2,test
1050s1132a1110s3003-5s5001-2-211.jpg,1050s1132a1110s3003-5s5001-2,test
1050s1132a1110s3003-5s5001-2-301.jpg,1050s1132a1110s3003-5s5001-2,test
1050s1132a1110s3003-5s5001-2-346.jpg,1050s1132a1110s3003-5s5001-2,test
1050s1132a1110s3003-5s5001-2-421.jpg,1050s1132a1110s3003-5s5001-2,test
1050s1132a1110s3003-5s5001-2-436.jpg,1050s1132a1110s3003-5s5001-2,test
1050s1132a1110s3003-5s5001-2-616.jpg,1050s1132a1110s3003-5s5001-2,test
1050s1132a1110s3003-5s5001-2-676.jpg,1050s1132a1110s3003-5s5001-2,test
1050s1132a1110s3003-5s5001-2-721.jpg,1050s1132a1110s3003-5s5001-2,test
1050s1132a1110s3003-5s5001-2-736.jpg,1050s1132a1110s3003-5s5001-2,test
1050s1132a1110s3003-5s5001-2-751.jpg,1050s1132a1110s3003-5s5001-2,test
1050s1132a1110s3003-5s5001-2-76.jpg,1050s1132a1110s3003-5s5001-2,test
1050s1132a1110s3003-5s5001-2-811.jpg,1050s1132a1110s3003-5s5001-2,test
1050s1132a1110s3003-5s5001-2-91.jpg,1050s1132a1110s3003-5s5001-2,test
1050s1132a1110s3003-5s5001-3-1.jpg,1050s1132a1110s3003-5s5001-3,test
1050s1132a1110s3003-5s5001-3-239.jpg,1050s1132a1110s3003-5s5001-3,test
1050s1132a1110s3003-5s5001-3-421.jpg,1050s1132a1110s3003-5s5001-3,test
1050s1132a1110s3003-5s5001-3-43.jpg,1050s1132a1110s3003-5s5001-3,test
1050s1132a1110s3003-5s5001-3-435.jpg,1050s1132a1110s3003-5s5001-3,test
1050s1132a1110s3003-5s5001-4-183.jpg,1050s1132a1110s3003-5s5001-4,test
1050s1132a1110s3003-5s5001-4-351.jpg,1050s1132a1110s3003-5s5001-4,test
1050s1132a1110s3003-5s5001-4-421.jpg,1050s1132a1110s3003-5s5001-4,test
1050s1132a1110s3003-5s5001-4-631.jpg,1050s1132a1110s3003-5s5001-4,test
1050s1132a1110s3003-5s5001-4-673.jpg,1050s1132a1110s3003-5s5001-4,test
1050s1132a1110s3003-5s5001-4-687.jpg,1050s1132a1110s3003-5s5001-4,test
1050s1132a1110s3003-5s5001-4-827.jpg,1050s1132a1110s3003-5s5001-4,test
1050s1132a1110s3003-5s5001-4-841.jpg,1050s1132a1110s3003-5s5001-4,test
1050s1132a1110s3003-5s5001-4-869.jpg,1050s1132a1110s3003-5s5001-4,test
1050s1132a1110s3003-5s5001-4-953.jpg,1050s1132a1110s3003-5s5001-4,test
1050s1132a1110s3003-5s5001-4-99.jpg,1050s1132a1110s3003-5s5001-4,test
1050s1132a1110s3003-5s5001-5-127.jpg,1050s1132a1110s3003-5s5001-5,test
1050s1132a1110s3003-5s5001-5-169.jpg,1050s1132a1110s3003-5s5001-5,test
1050s1132a1110s3003-5s5001-5-225.jpg,1050s1132a1110s3003-5s5001-5,test
1050s1132a1110s3003-5s5001-5-29.jpg,1050s1132a1110s3003-5s5001-5,test
1050s1132a1110s3003-5s5001-5-477.jpg,1050s1132a1110s3003-5s5001-5,test
1050s1132a1110s3003-5s5001-5-547.jpg,1050s1132a1110s3003-5s5001-5,test
1050s1132a1110s3003-5s5001-5-701.jpg,1050s1132a1110s3003-5s5001-5,test
1050s1132a1110s3003-5s5001-5-715.jpg,1050s1132a1110s3003-5s5001-5,test
1050s1132a1110s3003-5s5001-5-85.jpg,1050s1132a1110s3003-5s5001-5,test
1050s1132a1110s3003-5s5001-6-155.jpg,1050s1132a1110s3003-5s5001-6,test
1050s1132a1110s3003-5s5001-6-169.jpg,1050s1132a1110s3003-5s5001-6,test
1050s1132a1110s3003-5s5001-6-225.jpg,1050s1132a1110s3003-5s5001-6,test
1050s1132a1110s3003-5s5001-6-29.jpg,1050s1132a1110s3003-5s5001-6,test
1050s1132a1110s3003-5s5001-6-337.jpg,1050s1132a1110s3003-5s5001-6,test
1050s1132a1110s3003-5s5001-6-351.jpg,1050s1132a1110s3003-5s5001-6,test
1050s1132a1110s3003-5s5001-6-71.jpg,1050s1132a1110s3003-5s5001-6,test
1050s1132a1110s3003-5s5001-6-85.jpg,1050s1132a1110s3003-5s5001-6,test
1050s1132a1110s3004-2s5310-1-166.jpg,1050s1132a1110s3004-2s5310-1,test
1050s1132a1110s3004-2s5310-1-211.jpg,1050s1132a1110s3004-2s5310-1,test
1050s1132a1110s3004-2s5310-1-241.jpg,1050s1132a1110s3004-2s5310-1,test
1050s1132a1110s3004-2s5310-1-31.jpg,1050s1132a1110s3004-2s5310-1,test
1050s1132a1110s3004-2s5310-1-361.jpg,1050s1132a1110s3004-2s5310-1,test
1050s1132a1110s3004-2s5310-1-451.jpg,1050s1132a1110s3004-2s5310-1,test
1050s1132a1110s3004-2s5310-1-571.jpg,1050s1132a1110s3004-2s5310-1,test
1050s1132a1110s3004-2s5310-1-736.jpg,1050s1132a1110s3004-2s5310-1,test
1050s1132a1110s3004-2s5310-1-751.jpg,1050s1132a1110s3004-2s5310-1,test
1050s1132a1110s3004-2s5310-1-766.jpg,1050s1132a1110s3004-2s5310-1,test
1050s1132a1110s3004-2s5310-1-796.jpg,1050s1132a1110s3004-2s5310-1,test
1050s1132a1110s3004-2s5310-1-811.jpg,1050s1132a1110s3004-2s5310-1,test
1050s1132a1110s3004-2s5310-1-871.jpg,1050s1132a1110s3004-2s5310-1,test
1050s1132a1110s3004-2s5310-1-91.jpg,1050s1132a1110s3004-2s5310-1,test
1050s1132a1112s3004-3s5310-1-106.jpg,1050s1132a1112s3004-3s5310-1,test
1050s1132a1112s3004-3s5310-1-16.jpg,1050s1132a1112s3004-3s5310-1,test
1050s1132a1112s3004-3s5310-1-166.jpg,1050s1132a1112s3004-3s5310-1,test
1050s1132a1112s3004-3s5310-1-181.jpg,1050s1132a1112s3004-3s5310-1,test
1050s1132a1112s3004-3s5310-1-271.jpg,1050s1132a1112s3004-3s5310-1,test
1050s1132a1112s3004-3s5310-1-76.jpg,1050s1132a1112s3004-3s5310-1,test
1060a1000s1110s4001-2s5001-1-136.jpg,1060a1000s1110s4001-2s5001-1,test
1060a1000s1110s4001-2s5001-1-16.jpg,1060a1000s1110s4001-2s5001-1,test
1060a1000s1110s4001-2s5001-1-226.jpg,1060a1000s1110s4001-2s5001-1,test
1060a1000s1110s4001-2s5001-1-286.jpg,1060a1000s1110s4001-2s5001-1,test
1060a1000s1110s4001-2s5001-1-331.jpg,1060a1000s1110s4001-2s5001-1,test
1060a1000s1110s4001-2s5001-1-376.jpg,1060a1000s1110s4001-2s5001-1,test
1060a1000s1110s4001-2s5001-1-391.jpg,1060a1000s1110s4001-2s5001-1,test
1060a1000s1110s4001-2s5001-1-571.jpg,1060a1000s1110s4001-2s5001-1,test
1060a1000s1110s4001-2s5001-1-61.jpg,1060a1000s1110s4001-2s5001-1,test
1060s1112s3004-3s5001-1-226.jpg,1060s1112s3004-3s5001-1,test
1060s1112s3004-3s5001-1-241.jpg,1060s1112s3004-3s5001-1,test
1060s1112s3004-3s5001-1-286.jpg,1060s1112s3004-3s5001-1,test
1060s1112s3004-3s5001-1-451.jpg,1060s1112s3004-3s5001-1,test
1060s1112s3004-3s5001-1-466.jpg,1060s1112s3004-3s5001-1,test
1060s1112s3004-3s5001-1-496.jpg,1060s1112s3004-3s5001-1,test
1060s1112s3004-3s5001-1-541.jpg,1060s1112s3004-3s5001-1,test
1060s1112s4001-3s5001-1-151.jpg,1060s1112s4001-3s5001-1,test
1060s1112s4001-3s5001-1-316.jpg,1060s1112s4001-3s5001-1,test
1060s1112s4001-3s5001-1-376.jpg,1060s1112s4001-3s5001-1,test
1060s1112s4001-3s5300-1-1006.jpg,1060s1112s4001-3s5300-1,test
1060s1112s4001-3s5300-1-1066.jpg,1060s1112s4001-3s5300-1,test
1060s1112s4001-3s5300-1-1111.jpg,1060s1112s4001-3s5300-1,test
1060s1112s4001-3s5300-1-166.jpg,1060s1112s4001-3s5300-1,test
1060s1112s4001-3s5300-1-181.jpg,1060s1112s4001-3s5300-1,test
1060s1112s4001-3s5300-1-226.jpg,1060s1112s4001-3s5300-1,test
1060s1112s4001-3s5300-1-331.jpg,1060s1112s4001-3s5300-1,test
1060s1112s4001-3s5300-1-346.jpg,1060s1112s4001-3s5300-1,test
1060s1112s4001-3s5300-1-361.jpg,1060s1112s4001-3s5300-1,test
1060s1112s4001-3s5300-1-406.jpg,1060s1112s4001-3s5300-1,test
1060s1112s4001-3s5300-1-601.jpg,1060s1112s4001-3s5300-1,test
1060s1112s4001-3s5300-1-646.jpg,1060s1112s4001-3s5300-1,test
1060s1112s4001-3s5300-1-661.jpg,1060s1112s4001-3s5300-1,test
1060s1112s4001-3s5300-1-676.jpg,1060s1112s4001-3s5300-1,test
1060s1112s4001-3s5300-1-706.jpg,1060s1112s4001-3s5300-1,test
1060s1112s4001-3s5300-1-736.jpg,1060s1112s4001-3s5300-1,test
1060s1112s4001-3s5300-1-751.jpg,1060s1112s4001-3s5300-1,test
1060s1112s4001-3s5300-1-781.jpg,1060s1112s4001-3s5300-1,test
